,0
0,1.3351641
1,0.44559225
2,1.8885161
3,1.8675814
4,2.2620173
5,1.815013
6,1.9841118
7,2.9287121
8,1.1510915
9,0.16660331
10,0.56965315
11,0.4981139
12,1.7499295
13,0.59441686
14,0.72216785
15,-0.3123364
16,0.5516282
17,1.550537
18,1.4817673
19,1.9117466
20,2.270822
21,1.287147
22,2.5323782
23,1.3211095
24,1.6462629
25,1.5870631
26,2.8917844
27,-0.09374562
28,3.3452518
29,2.1324918
30,1.9433323
31,0.16033062
32,0.93330514
33,1.1585323
34,-0.46706867
35,-0.19745532
36,1.7278672
37,0.85366833
38,2.0708852
39,1.4974357
40,3.3007557
41,2.5991755
42,2.5568843
43,-0.9462685
44,2.9312088
45,1.3824271
46,1.0658728
47,0.2926166
48,2.0968282
49,1.8541836
50,1.8900214
51,1.5985956
52,0.166525
53,1.0626739
54,1.5284165
55,2.377017
56,0.6688683
57,1.197867
58,-0.0809464
59,0.729591
60,1.4684881
61,1.4191881
62,1.8587968
63,1.2425399
64,2.5181746
65,0.39848328
66,1.9657079
67,1.7617109
68,1.2470496
69,1.0927947
70,3.5509052
71,1.2524017
72,1.08081
73,1.4012566
74,1.0257715
75,1.2594321
76,0.9125675
77,0.70917666
78,0.6255353
79,2.197123
80,1.3401853
81,0.01418712
82,0.72525054
83,-0.23399024
84,1.4493139
85,0.648123
86,-0.24291496
87,1.4082668
88,0.6266883
89,1.0013525
90,0.837621
91,2.004463
92,1.9968833
93,1.6072148
94,2.5624409
95,1.1333784
96,1.8613504
97,1.2475345
98,2.019043
99,0.6467857
100,0.96953696
101,0.44143486
102,1.1780589
103,3.0667958
104,1.4421521
105,0.95890355
106,0.74149615
107,0.5827378
108,1.7610428
109,1.6777021
110,0.73845387
111,0.7565041
112,0.8539045
113,1.5939773
114,1.728068
115,1.5338078
116,1.5994128
117,1.3048779
118,2.2491333
119,-0.23665869
120,1.5556605
121,0.26210558
122,0.19108917
123,-0.1321357
124,0.57433844
125,-0.42921278
126,0.28658766
127,1.0386591
128,-0.8637309
129,0.47742552
130,-0.94556385
131,-0.12880552
132,0.59745026
133,0.14627862
134,1.0583851
135,-0.29851297
136,1.9110924
137,2.0637689
138,1.5998434
139,1.4793893
140,1.6313193
141,0.8681699
142,2.0570211
143,0.21968189
144,2.1218495
145,1.597334
146,2.367322
147,1.8357052
148,2.550945
149,2.6505125
150,2.2435136
151,1.9647154
152,0.18953331
153,0.6592755
154,-0.31815696
155,0.042734373
156,1.3451041
157,0.59751594
158,2.7865984
159,0.610569
160,1.7041782
161,1.8905493
162,2.8634064
163,1.6966932
164,1.7456813
165,1.3816769
166,2.4977312
167,1.5236808
168,1.5801817
169,0.8064596
170,1.7717116
171,1.1657382
172,1.4804868
173,0.8035259
174,0.89747363
175,2.401014
176,0.8284488
177,0.48131767
178,-0.07137887
179,0.21326269
180,0.39473885
181,1.0093882
182,1.3023698
183,1.3271145
184,2.2541432
185,1.8838459
186,1.7393215
187,1.2996824
188,1.8849131
189,1.0695313
190,2.0000315
191,0.1654301
192,1.6462629
193,1.5870631
194,2.8917844
195,-0.09374562
196,3.3452518
197,2.1324918
198,1.9433323
199,0.16033062
200,0.93330514
201,1.1585323
202,-0.46706867
203,-0.19745532
204,1.7278672
205,0.85366833
206,2.0708852
207,1.4974357
208,3.3007557
209,2.5991755
210,2.5568843
211,-0.9462685
212,2.9312088
213,1.3824271
214,1.0658728
215,0.2926166
216,2.0968282
217,1.8541836
218,1.8900214
219,1.5985956
220,0.166525
221,1.0626739
222,1.5284165
223,2.377017
224,0.6688683
225,1.197867
226,-0.0809464
227,0.729591
228,1.4684881
229,1.4191881
230,1.8587968
231,1.2425399
232,2.5181746
233,0.39848328
234,1.9657079
235,1.7617109
236,1.2470496
237,1.0927947
238,3.5509052
239,1.2524017
240,1.08081
241,1.4012566
242,1.0257715
243,1.2594321
244,0.9125675
245,0.70917666
246,0.6255353
247,2.197123
248,1.3401853
249,0.01418712
250,0.72525054
251,-0.23399024
252,1.4493139
253,0.648123
254,-0.24291496
255,1.4082668
256,0.6266883
257,1.0013525
258,0.837621
259,2.004463
260,1.9968833
261,1.6072148
262,2.5624409
263,1.1333784
264,1.8613504
265,1.2475345
266,2.019043
267,0.6467857
268,0.96953696
269,0.44143486
270,1.1780589
271,3.0667958
272,1.4421521
273,0.95890355
274,0.74149615
275,0.5827378
276,1.7610428
277,1.6777021
278,0.73845387
279,0.7565041
280,0.8539045
281,1.5939773
282,1.728068
283,1.5338078
284,1.5994128
285,1.3048779
286,2.2491333
287,-0.23665869
288,1.5556605
289,0.26210558
290,0.19108917
291,-0.1321357
292,0.57433844
293,-0.42921278
294,0.28658766
295,1.0386591
296,-0.8637309
297,0.47742552
298,-0.94556385
299,-0.12880552
300,0.59745026
301,0.14627862
302,1.0583851
303,-0.29851297
304,1.9110924
305,2.0637689
306,1.5998434
307,1.4793893
308,1.6313193
309,0.8681699
310,2.0570211
311,0.21968189
312,2.1218495
313,1.597334
314,2.367322
315,1.8357052
316,2.550945
317,2.6505125
318,2.2435136
319,1.9647154
320,0.18953331
321,0.6592755
322,-0.31815696
323,0.042734373
324,1.3451041
325,0.59751594
326,2.7865984
327,0.610569
328,1.7041782
329,1.8905493
330,2.8634064
331,1.6966932
332,1.7456813
333,1.3816769
334,2.4977312
335,1.5236808
336,1.5801817
337,0.8064596
338,1.7717116
339,1.1657382
340,1.4804868
341,0.8035259
342,0.89747363
343,2.401014
344,0.8284488
345,0.48131767
346,-0.07137887
347,0.21326269
348,0.39473885
349,1.0093882
350,1.3023698
351,1.3271145
352,2.2541432
353,1.8838459
354,1.7393215
355,1.2996824
356,1.8849131
357,1.0695313
358,2.0000315
359,0.1654301
360,1.6462629
361,1.5870631
362,2.8917844
363,-0.09374562
364,3.3452518
365,2.1324918
366,1.9433323
367,0.16033062
368,0.93330514
369,1.1585323
370,-0.46706867
371,-0.19745532
372,1.7278672
373,0.85366833
374,2.0708852
375,1.4974357
376,3.3007557
377,2.5991755
378,2.5568843
379,-0.9462685
380,2.9312088
381,1.3824271
382,1.0658728
383,0.2926166
384,2.0968282
385,1.8541836
386,1.8900214
387,1.5985956
388,0.166525
389,1.0626739
390,1.5284165
391,2.377017
392,0.6688683
393,1.197867
394,-0.0809464
395,0.729591
396,1.4684881
397,1.4191881
398,1.8587968
399,1.2425399
400,2.5181746
401,0.39848328
402,1.9657079
403,1.7617109
404,1.2470496
405,1.0927947
406,3.5509052
407,1.2524017
408,3.1909142
409,2.2868137
410,2.0932643
411,-0.3778593
412,2.4017427
413,2.691139
414,1.8451301
415,2.6355498
416,1.0450265
417,1.6104844
418,0.33011764
419,-0.19043878
420,1.3627377
421,0.957277
422,2.916106
423,2.2334056
424,2.3754082
425,3.0515013
426,1.2376841
427,2.1626759
428,2.3370383
429,2.5534327
430,2.316514
431,0.86769885
432,1.8613504
433,1.2475345
434,2.019043
435,0.6467857
436,0.96953696
437,0.44143486
438,1.1780589
439,3.0667958
440,1.4421521
441,0.95890355
442,0.74149615
443,0.5827378
444,1.7610428
445,1.6777021
446,0.73845387
447,0.7565041
448,0.8539045
449,1.5939773
450,1.728068
451,1.5338078
452,1.5994128
453,1.3048779
454,2.2491333
455,-0.23665869
456,1.5556605
457,0.26210558
458,0.19108917
459,-0.1321357
460,0.57433844
461,-0.42921278
462,0.28658766
463,1.0386591
464,-0.8637309
465,0.47742552
466,-0.94556385
467,-0.12880552
468,0.59745026
469,0.14627862
470,1.0583851
471,-0.29851297
472,1.9110924
473,2.0637689
474,1.5998434
475,1.4793893
476,1.6313193
477,0.8681699
478,2.0570211
479,0.21968189
480,2.1218495
481,1.597334
482,2.367322
483,1.8357052
484,2.550945
485,2.6505125
486,2.2435136
487,1.9647154
488,0.18953331
489,0.6592755
490,-0.31815696
491,0.042734373
492,1.3451041
493,0.59751594
494,2.7865984
495,0.610569
496,1.7041782
497,1.8905493
498,2.8634064
499,1.6966932
500,1.7456813
501,1.3816769
502,2.4977312
503,1.5236808
504,1.5801817
505,0.8064596
506,1.7717116
507,1.1657382
508,1.4804868
509,0.8035259
510,0.89747363
511,2.401014
512,0.8284488
513,0.48131767
514,-0.07137887
515,0.21326269
516,0.39473885
517,1.0093882
518,1.3023698
519,1.3271145
520,2.2541432
521,1.8838459
522,1.7393215
523,1.2996824
524,1.8849131
525,1.0695313
526,2.0000315
527,0.1654301
528,1.6462629
529,1.5870631
530,2.8917844
531,-0.09374562
532,3.3452518
533,2.1324918
534,1.9433323
535,0.16033062
536,0.93330514
537,1.1585323
538,-0.46706867
539,-0.19745532
540,1.7278672
541,0.85366833
542,2.0708852
543,1.4974357
544,3.3007557
545,2.5991755
546,2.5568843
547,-0.9462685
548,2.9312088
549,1.3824271
550,1.0658728
551,0.2926166
552,2.0968282
553,1.8541836
554,1.8900214
555,1.5985956
556,0.166525
557,1.0626739
558,1.5284165
559,2.377017
560,0.6688683
561,1.197867
562,-0.0809464
563,0.729591
564,1.4684881
565,1.4191881
566,1.8587968
567,1.2425399
568,2.5181746
569,0.39848328
570,1.9657079
571,1.7617109
572,1.2470496
573,1.0927947
574,3.5509052
575,1.2524017
576,1.08081
577,1.4012566
578,1.0257715
579,1.2594321
580,0.9125675
581,0.70917666
582,0.6255353
583,2.197123
584,1.3401853
585,0.01418712
586,0.72525054
587,-0.23399024
588,1.4493139
589,0.648123
590,-0.24291496
591,1.4082668
592,0.6266883
593,1.0013525
594,0.837621
595,2.004463
596,1.9968833
597,1.6072148
598,2.5624409
599,1.1333784
600,1.8613504
601,1.2475345
602,2.019043
603,0.6467857
604,0.96953696
605,0.44143486
606,1.1780589
607,3.0667958
608,1.4421521
609,0.95890355
610,0.74149615
611,0.5827378
612,1.7610428
613,1.6777021
614,0.73845387
615,0.7565041
616,0.8539045
617,1.5939773
618,1.728068
619,1.5338078
620,1.5994128
621,1.3048779
622,2.2491333
623,-0.23665869
624,1.3351641
625,0.44559225
626,1.8885161
627,1.8675814
628,2.2620173
629,1.815013
630,1.9841118
631,2.9287121
632,1.1510915
633,0.16660331
634,0.56965315
635,0.4981139
636,1.7499295
637,0.59441686
638,0.72216785
639,-0.3123364
640,0.5516282
641,1.550537
642,1.4817673
643,1.9117466
644,2.270822
645,1.287147
646,2.5323782
647,1.3211095
648,1.3351641
649,0.44559225
650,1.8885161
651,1.8675814
652,2.2620173
653,1.815013
654,1.9841118
655,2.9287121
656,1.1510915
657,0.16660331
658,0.56965315
659,0.4981139
660,1.7499295
661,0.59441686
662,0.72216785
663,-0.3123364
664,0.5516282
665,1.550537
666,1.4817673
667,1.9117466
668,2.270822
669,1.287147
670,2.5323782
671,1.3211095
672,34.404613
673,36.487988
674,24.510862
675,22.588482
676,28.471708
677,25.891138
678,25.267267
679,21.064941
680,16.606108
681,11.6979265
682,10.291304
683,8.339882
684,8.55441
685,10.425403
686,12.162239
687,13.30067
688,19.981161
689,25.094437
690,26.44198
691,29.350183
692,26.654343
693,29.994072
694,29.31067
695,30.072662
696,95.54081
697,91.77881
698,66.00809
699,70.416405
700,69.6059
701,58.731503
702,57.29293
703,35.77684
704,25.05848
705,12.982388
706,10.158496
707,8.711605
708,8.831699
709,10.536122
710,22.057587
711,42.58705
712,73.182556
713,100.213524
714,102.47654
715,105.09104
716,106.01716
717,127.1535
718,109.58639
719,107.085526
720,99.44322
721,92.00803
722,67.10142
723,69.84058
724,69.06528
725,65.25149
726,59.98666
727,36.54794
728,24.136171
729,13.939696
730,10.308576
731,9.201038
732,8.478874
733,11.662035
734,20.11024
735,43.674908
736,75.881424
737,99.089455
738,100.77645
739,106.785416
740,106.60812
741,118.47673
742,110.48525
743,101.46589
744,85.05632
745,70.82426
746,50.578213
747,52.57173
748,42.687515
749,48.67692
750,36.97803
751,33.364758
752,27.44186
753,19.578611
754,10.430255
755,8.383651
756,7.9838133
757,13.83041
758,18.606186
759,22.01407
760,35.482353
761,38.46777
762,45.81239
763,50.65556
764,45.376335
765,44.417713
766,42.10775
767,41.62535
768,42.30538
769,41.871334
770,29.804585
771,27.532242
772,28.60489
773,28.221767
774,31.779173
775,22.25869
776,18.179394
777,13.490969
778,10.203938
779,7.116969
780,7.7331195
781,10.884049
782,11.927822
783,15.55686
784,22.346146
785,28.721691
786,34.108414
787,40.998974
788,37.94655
789,35.61823
790,31.310593
791,30.93318
792,33.027824
793,32.83939
794,26.374016
795,26.797077
796,21.62394
797,22.965345
798,24.351372
799,13.326076
800,13.683555
801,11.338751
802,8.591145
803,9.2177725
804,8.421619
805,11.262357
806,17.432302
807,35.815952
808,71.51619
809,82.31049
810,79.162865
811,83.92295
812,80.20601
813,105.08613
814,91.29594
815,87.898674
816,78.01177
817,75.94191
818,61.3149
819,62.567657
820,59.946297
821,51.256325
822,46.16142
823,31.264393
824,18.852097
825,13.118234
826,10.136019
827,9.194031
828,8.567845
829,10.548002
830,19.577005
831,33.15343
832,68.96625
833,89.79728
834,89.40755
835,94.80554
836,91.67659
837,120.99613
838,104.05615
839,98.89228
840,92.87368
841,83.04217
842,66.70026
843,68.350914
844,65.96775
845,54.350536
846,54.36081
847,32.724022
848,22.930313
849,15.29127
850,10.999577
851,9.390609
852,8.417569
853,11.3018265
854,25.24771
855,38.464314
856,69.53424
857,95.65209
858,96.135826
859,108.266655
860,98.99065
861,126.06041
862,111.1143
863,107.431786
864,95.54081
865,91.77881
866,66.00809
867,70.416405
868,69.6059
869,58.731503
870,57.29293
871,35.77684
872,25.05848
873,12.982388
874,10.158496
875,8.711605
876,8.831699
877,10.536122
878,22.057587
879,42.58705
880,73.182556
881,100.213524
882,102.47654
883,105.09104
884,106.01716
885,127.1535
886,109.58639
887,107.085526
888,99.44322
889,92.00803
890,67.10142
891,69.84058
892,69.06528
893,65.25149
894,59.98666
895,36.54794
896,24.136171
897,13.939696
898,10.308576
899,9.201038
900,8.478874
901,11.662035
902,20.11024
903,43.674908
904,75.881424
905,99.089455
906,100.77645
907,106.785416
908,106.60812
909,118.47673
910,110.48525
911,101.46589
912,85.05632
913,70.82426
914,50.578213
915,52.57173
916,42.687515
917,48.67692
918,36.97803
919,33.364758
920,27.44186
921,19.578611
922,10.430255
923,8.383651
924,7.9838133
925,13.83041
926,18.606186
927,22.01407
928,35.482353
929,38.46777
930,45.81239
931,50.65556
932,45.376335
933,44.417713
934,42.10775
935,41.62535
936,42.30538
937,41.871334
938,29.804585
939,27.532242
940,28.60489
941,28.221767
942,31.779173
943,22.25869
944,18.179394
945,13.490969
946,10.203938
947,7.116969
948,7.7331195
949,10.884049
950,11.927822
951,15.55686
952,22.346146
953,28.721691
954,34.108414
955,40.998974
956,37.94655
957,35.61823
958,31.310593
959,30.93318
960,33.027824
961,32.83939
962,26.374016
963,26.797077
964,21.62394
965,22.965345
966,24.351372
967,13.326076
968,13.683555
969,11.338751
970,8.591145
971,9.2177725
972,8.421619
973,11.262357
974,17.432302
975,35.815952
976,71.51619
977,82.31049
978,79.162865
979,83.92295
980,80.20601
981,105.08613
982,91.29594
983,87.898674
984,78.01177
985,75.94191
986,61.3149
987,62.567657
988,59.946297
989,51.256325
990,46.16142
991,31.264393
992,18.852097
993,13.118234
994,10.136019
995,9.194031
996,8.567845
997,10.548002
998,19.577005
999,33.15343
1000,68.96625
1001,89.79728
1002,89.40755
1003,94.80554
1004,91.67659
1005,120.99613
1006,104.05615
1007,98.89228
1008,92.87368
1009,83.04217
1010,66.70026
1011,68.350914
1012,65.96775
1013,54.350536
1014,54.36081
1015,32.724022
1016,22.930313
1017,15.29127
1018,10.999577
1019,9.390609
1020,8.417569
1021,11.3018265
1022,25.24771
1023,38.464314
1024,69.53424
1025,95.65209
1026,96.135826
1027,108.266655
1028,98.99065
1029,126.06041
1030,111.1143
1031,107.431786
1032,95.54081
1033,91.77881
1034,66.00809
1035,70.416405
1036,69.6059
1037,58.731503
1038,57.29293
1039,35.77684
1040,25.05848
1041,12.982388
1042,10.158496
1043,8.711605
1044,8.831699
1045,10.536122
1046,22.057587
1047,42.58705
1048,73.182556
1049,100.213524
1050,102.47654
1051,105.09104
1052,106.01716
1053,127.1535
1054,109.58639
1055,107.085526
1056,99.44322
1057,92.00803
1058,67.10142
1059,69.84058
1060,69.06528
1061,65.25149
1062,59.98666
1063,36.54794
1064,24.136171
1065,13.939696
1066,10.308576
1067,9.201038
1068,8.478874
1069,11.662035
1070,20.11024
1071,43.674908
1072,75.881424
1073,99.089455
1074,100.77645
1075,106.785416
1076,106.60812
1077,118.47673
1078,110.48525
1079,101.46589
1080,86.685936
1081,78.24938
1082,57.612476
1083,59.578316
1084,56.44713
1085,47.137356
1086,47.886982
1087,35.984604
1088,30.783106
1089,18.59331
1090,11.681577
1091,7.8693686
1092,9.392809
1093,9.988001
1094,30.281483
1095,39.82882
1096,65.722435
1097,79.2728
1098,87.611206
1099,86.03425
1100,89.37848
1101,100.09778
1102,84.53219
1103,86.26346
1104,42.30538
1105,41.871334
1106,29.804585
1107,27.532242
1108,28.60489
1109,28.221767
1110,31.779173
1111,22.25869
1112,18.179394
1113,13.490969
1114,10.203938
1115,7.116969
1116,7.7331195
1117,10.884049
1118,11.927822
1119,15.55686
1120,22.346146
1121,28.721691
1122,34.108414
1123,40.998974
1124,37.94655
1125,35.61823
1126,31.310593
1127,30.93318
1128,33.027824
1129,32.83939
1130,26.374016
1131,26.797077
1132,21.62394
1133,22.965345
1134,24.351372
1135,13.326076
1136,13.683555
1137,11.338751
1138,8.591145
1139,9.2177725
1140,8.421619
1141,11.262357
1142,17.432302
1143,35.815952
1144,71.51619
1145,82.31049
1146,79.162865
1147,83.92295
1148,80.20601
1149,105.08613
1150,91.29594
1151,87.898674
1152,78.01177
1153,75.94191
1154,61.3149
1155,62.567657
1156,59.946297
1157,51.256325
1158,46.16142
1159,31.264393
1160,18.852097
1161,13.118234
1162,10.136019
1163,9.194031
1164,8.567845
1165,10.548002
1166,19.577005
1167,33.15343
1168,68.96625
1169,89.79728
1170,89.40755
1171,94.80554
1172,91.67659
1173,120.99613
1174,104.05615
1175,98.89228
1176,92.87368
1177,83.04217
1178,66.70026
1179,68.350914
1180,65.96775
1181,54.350536
1182,54.36081
1183,32.724022
1184,22.930313
1185,15.29127
1186,10.999577
1187,9.390609
1188,8.417569
1189,11.3018265
1190,25.24771
1191,38.464314
1192,69.53424
1193,95.65209
1194,96.135826
1195,108.266655
1196,98.99065
1197,126.06041
1198,111.1143
1199,107.431786
1200,95.54081
1201,91.77881
1202,66.00809
1203,70.416405
1204,69.6059
1205,58.731503
1206,57.29293
1207,35.77684
1208,25.05848
1209,12.982388
1210,10.158496
1211,8.711605
1212,8.831699
1213,10.536122
1214,22.057587
1215,42.58705
1216,73.182556
1217,100.213524
1218,102.47654
1219,105.09104
1220,106.01716
1221,127.1535
1222,109.58639
1223,107.085526
1224,99.44322
1225,92.00803
1226,67.10142
1227,69.84058
1228,69.06528
1229,65.25149
1230,59.98666
1231,36.54794
1232,24.136171
1233,13.939696
1234,10.308576
1235,9.201038
1236,8.478874
1237,11.662035
1238,20.11024
1239,43.674908
1240,75.881424
1241,99.089455
1242,100.77645
1243,106.785416
1244,106.60812
1245,118.47673
1246,110.48525
1247,101.46589
1248,85.05632
1249,70.82426
1250,50.578213
1251,52.57173
1252,42.687515
1253,48.67692
1254,36.97803
1255,33.364758
1256,27.44186
1257,19.578611
1258,10.430255
1259,8.383651
1260,7.9838133
1261,13.83041
1262,18.606186
1263,22.01407
1264,35.482353
1265,38.46777
1266,45.81239
1267,50.65556
1268,45.376335
1269,44.417713
1270,42.10775
1271,41.62535
1272,42.30538
1273,41.871334
1274,29.804585
1275,27.532242
1276,28.60489
1277,28.221767
1278,31.779173
1279,22.25869
1280,18.179394
1281,13.490969
1282,10.203938
1283,7.116969
1284,7.7331195
1285,10.884049
1286,11.927822
1287,15.55686
1288,22.346146
1289,28.721691
1290,34.108414
1291,40.998974
1292,37.94655
1293,35.61823
1294,31.310593
1295,30.93318
1296,34.404613
1297,36.487988
1298,24.510862
1299,22.588482
1300,28.471708
1301,25.891138
1302,25.267267
1303,21.064941
1304,16.606108
1305,11.6979265
1306,10.291304
1307,8.339882
1308,8.55441
1309,10.425403
1310,12.162239
1311,13.30067
1312,19.981161
1313,25.094437
1314,26.44198
1315,29.350183
1316,26.654343
1317,29.994072
1318,29.31067
1319,30.072662
1320,34.404613
1321,36.487988
1322,24.510862
1323,22.588482
1324,28.471708
1325,25.891138
1326,25.267267
1327,21.064941
1328,16.606108
1329,11.6979265
1330,10.291304
1331,8.339882
1332,8.55441
1333,10.425403
1334,12.162239
1335,13.30067
1336,19.981161
1337,25.094437
1338,26.44198
1339,29.350183
1340,26.654343
1341,29.994072
1342,29.31067
1343,30.072662
1344,36.080173
1345,32.254444
1346,18.19124
1347,21.311272
1348,24.162329
1349,20.062523
1350,16.159197
1351,19.434954
1352,12.339153
1353,9.659842
1354,8.903057
1355,6.092235
1356,7.382176
1357,8.480551
1358,10.060218
1359,8.618738
1360,8.988164
1361,14.974527
1362,20.919474
1363,23.230547
1364,20.506496
1365,26.80097
1366,24.044916
1367,25.45531
1368,105.17331
1369,105.69461
1370,72.724556
1371,74.01619
1372,67.346954
1373,50.33849
1374,49.00082
1375,32.36492
1376,17.423254
1377,10.7643175
1378,8.868576
1379,6.411676
1380,7.065151
1381,10.012824
1382,14.383967
1383,22.766693
1384,51.40283
1385,82.493286
1386,93.09527
1387,108.67497
1388,108.45047
1389,131.50476
1390,113.30784
1391,121.54427
1392,111.006516
1393,106.585655
1394,76.834595
1395,77.27839
1396,72.0096
1397,58.10041
1398,50.704853
1399,35.967575
1400,23.942205
1401,11.496017
1402,9.359917
1403,7.4354963
1404,7.027303
1405,11.089626
1406,13.491504
1407,24.846115
1408,48.65742
1409,80.67873
1410,94.05385
1411,108.623795
1412,111.93424
1413,120.47579
1414,107.99513
1415,111.50981
1416,86.873245
1417,78.24532
1418,47.54961
1419,53.56826
1420,40.398594
1421,36.391277
1422,31.792564
1423,32.69164
1424,23.145615
1425,10.983073
1426,10.158832
1427,6.322283
1428,6.454431
1429,9.969617
1430,11.8946295
1431,11.809342
1432,18.725426
1433,26.24649
1434,26.670734
1435,35.96167
1436,34.780052
1437,34.699993
1438,35.021343
1439,32.937122
1440,28.700523
1441,30.637377
1442,22.240097
1443,20.996187
1444,19.276377
1445,18.190989
1446,17.956272
1447,14.395489
1448,12.96603
1449,9.92345
1450,9.536689
1451,6.1246934
1452,6.02152
1453,9.508938
1454,10.62543
1455,9.239836
1456,8.956536
1457,12.332091
1458,19.189888
1459,20.509829
1460,20.38627
1461,24.364899
1462,23.236963
1463,21.510017
1464,32.707108
1465,28.087399
1466,25.914204
1467,22.933327
1468,22.746479
1469,20.89961
1470,14.990552
1471,10.854221
1472,11.093418
1473,8.150858
1474,6.846993
1475,5.916013
1476,5.617769
1477,8.489972
1478,12.030149
1479,17.285192
1480,41.6104
1481,67.70516
1482,71.67159
1483,83.88008
1484,83.18241
1485,105.0896
1486,92.97448
1487,97.09709
1488,88.864944
1489,95.90502
1490,65.229126
1491,68.773125
1492,61.991325
1493,49.515015
1494,45.110718
1495,29.92887
1496,16.005568
1497,10.535448
1498,8.503663
1499,6.9310303
1500,7.2253647
1501,9.824178
1502,12.2456255
1503,22.619576
1504,39.20607
1505,75.898926
1506,81.592545
1507,98.62591
1508,95.58052
1509,123.929
1510,102.34832
1511,109.41467
1512,100.49118
1513,96.081245
1514,75.78684
1515,72.59998
1516,66.02578
1517,49.914486
1518,49.92095
1519,33.089966
1520,20.606066
1521,11.176492
1522,9.892443
1523,8.088179
1524,7.243247
1525,9.736297
1526,13.654515
1527,24.808405
1528,46.461533
1529,80.53565
1530,89.165924
1531,112.0016
1532,104.07967
1533,133.73402
1534,116.804565
1535,114.73603
1536,105.17331
1537,105.69461
1538,72.724556
1539,74.01619
1540,67.346954
1541,50.33849
1542,49.00082
1543,32.36492
1544,17.423254
1545,10.7643175
1546,8.868576
1547,6.411676
1548,7.065151
1549,10.012824
1550,14.383967
1551,22.766693
1552,51.40283
1553,82.493286
1554,93.09527
1555,108.67497
1556,108.45047
1557,131.50476
1558,113.30784
1559,121.54427
1560,111.006516
1561,106.585655
1562,76.834595
1563,77.27839
1564,72.0096
1565,58.10041
1566,50.704853
1567,35.967575
1568,23.942205
1569,11.496017
1570,9.359917
1571,7.4354963
1572,7.027303
1573,11.089626
1574,13.491504
1575,24.846115
1576,48.65742
1577,80.67873
1578,94.05385
1579,108.623795
1580,111.93424
1581,120.47579
1582,107.99513
1583,111.50981
1584,86.873245
1585,78.24532
1586,47.54961
1587,53.56826
1588,40.398594
1589,36.391277
1590,31.792564
1591,32.69164
1592,23.145615
1593,10.983073
1594,10.158832
1595,6.322283
1596,6.454431
1597,9.969617
1598,11.8946295
1599,11.809342
1600,18.725426
1601,26.24649
1602,26.670734
1603,35.96167
1604,34.780052
1605,34.699993
1606,35.021343
1607,32.937122
1608,28.700523
1609,30.637377
1610,22.240097
1611,20.996187
1612,19.276377
1613,18.190989
1614,17.956272
1615,14.395489
1616,12.96603
1617,9.92345
1618,9.536689
1619,6.1246934
1620,6.02152
1621,9.508938
1622,10.62543
1623,9.239836
1624,8.956536
1625,12.332091
1626,19.189888
1627,20.509829
1628,20.38627
1629,24.364899
1630,23.236963
1631,21.510017
1632,32.707108
1633,28.087399
1634,25.914204
1635,22.933327
1636,22.746479
1637,20.89961
1638,14.990552
1639,10.854221
1640,11.093418
1641,8.150858
1642,6.846993
1643,5.916013
1644,5.617769
1645,8.489972
1646,12.030149
1647,17.285192
1648,41.6104
1649,67.70516
1650,71.67159
1651,83.88008
1652,83.18241
1653,105.0896
1654,92.97448
1655,97.09709
1656,88.864944
1657,95.90502
1658,65.229126
1659,68.773125
1660,61.991325
1661,49.515015
1662,45.110718
1663,29.92887
1664,16.005568
1665,10.535448
1666,8.503663
1667,6.9310303
1668,7.2253647
1669,9.824178
1670,12.2456255
1671,22.619576
1672,39.20607
1673,75.898926
1674,81.592545
1675,98.62591
1676,95.58052
1677,123.929
1678,102.34832
1679,109.41467
1680,100.49118
1681,96.081245
1682,75.78684
1683,72.59998
1684,66.02578
1685,49.914486
1686,49.92095
1687,33.089966
1688,20.606066
1689,11.176492
1690,9.892443
1691,8.088179
1692,7.243247
1693,9.736297
1694,13.654515
1695,24.808405
1696,46.461533
1697,80.53565
1698,89.165924
1699,112.0016
1700,104.07967
1701,133.73402
1702,116.804565
1703,114.73603
1704,105.17331
1705,105.69461
1706,72.724556
1707,74.01619
1708,67.346954
1709,50.33849
1710,49.00082
1711,32.36492
1712,17.423254
1713,10.7643175
1714,8.868576
1715,6.411676
1716,7.065151
1717,10.012824
1718,14.383967
1719,22.766693
1720,51.40283
1721,82.493286
1722,93.09527
1723,108.67497
1724,108.45047
1725,131.50476
1726,113.30784
1727,121.54427
1728,111.006516
1729,106.585655
1730,76.834595
1731,77.27839
1732,72.0096
1733,58.10041
1734,50.704853
1735,35.967575
1736,23.942205
1737,11.496017
1738,9.359917
1739,7.4354963
1740,7.027303
1741,11.089626
1742,13.491504
1743,24.846115
1744,48.65742
1745,80.67873
1746,94.05385
1747,108.623795
1748,111.93424
1749,120.47579
1750,107.99513
1751,111.50981
1752,91.05712
1753,84.34619
1754,71.56868
1755,62.47736
1756,59.69532
1757,46.442677
1758,40.16162
1759,35.803123
1760,26.160856
1761,11.819653
1762,10.61994
1763,7.6294794
1764,7.6600647
1765,10.795513
1766,22.11212
1767,34.389126
1768,45.34945
1769,59.11762
1770,79.65001
1771,80.08723
1772,95.62095
1773,103.285645
1774,82.65929
1775,96.34876
1776,28.700523
1777,30.637377
1778,22.240097
1779,20.996187
1780,19.276377
1781,18.190989
1782,17.956272
1783,14.395489
1784,12.96603
1785,9.92345
1786,9.536689
1787,6.1246934
1788,6.02152
1789,9.508938
1790,10.62543
1791,9.239836
1792,8.956536
1793,12.332091
1794,19.189888
1795,20.509829
1796,20.38627
1797,24.364899
1798,23.236963
1799,21.510017
1800,32.707108
1801,28.087399
1802,25.914204
1803,22.933327
1804,22.746479
1805,20.89961
1806,14.990552
1807,10.854221
1808,11.093418
1809,8.150858
1810,6.846993
1811,5.916013
1812,5.617769
1813,8.489972
1814,12.030149
1815,17.285192
1816,41.6104
1817,67.70516
1818,71.67159
1819,83.88008
1820,83.18241
1821,105.0896
1822,92.97448
1823,97.09709
1824,88.864944
1825,95.90502
1826,65.229126
1827,68.773125
1828,61.991325
1829,49.515015
1830,45.110718
1831,29.92887
1832,16.005568
1833,10.535448
1834,8.503663
1835,6.9310303
1836,7.2253647
1837,9.824178
1838,12.2456255
1839,22.619576
1840,39.20607
1841,75.898926
1842,81.592545
1843,98.62591
1844,95.58052
1845,123.929
1846,102.34832
1847,109.41467
1848,100.49118
1849,96.081245
1850,75.78684
1851,72.59998
1852,66.02578
1853,49.914486
1854,49.92095
1855,33.089966
1856,20.606066
1857,11.176492
1858,9.892443
1859,8.088179
1860,7.243247
1861,9.736297
1862,13.654515
1863,24.808405
1864,46.461533
1865,80.53565
1866,89.165924
1867,112.0016
1868,104.07967
1869,133.73402
1870,116.804565
1871,114.73603
1872,105.17331
1873,105.69461
1874,72.724556
1875,74.01619
1876,67.346954
1877,50.33849
1878,49.00082
1879,32.36492
1880,17.423254
1881,10.7643175
1882,8.868576
1883,6.411676
1884,7.065151
1885,10.012824
1886,14.383967
1887,22.766693
1888,51.40283
1889,82.493286
1890,93.09527
1891,108.67497
1892,108.45047
1893,131.50476
1894,113.30784
1895,121.54427
1896,111.006516
1897,106.585655
1898,76.834595
1899,77.27839
1900,72.0096
1901,58.10041
1902,50.704853
1903,35.967575
1904,23.942205
1905,11.496017
1906,9.359917
1907,7.4354963
1908,7.027303
1909,11.089626
1910,13.491504
1911,24.846115
1912,48.65742
1913,80.67873
1914,94.05385
1915,108.623795
1916,111.93424
1917,120.47579
1918,107.99513
1919,111.50981
1920,86.873245
1921,78.24532
1922,47.54961
1923,53.56826
1924,40.398594
1925,36.391277
1926,31.792564
1927,32.69164
1928,23.145615
1929,10.983073
1930,10.158832
1931,6.322283
1932,6.454431
1933,9.969617
1934,11.8946295
1935,11.809342
1936,18.725426
1937,26.24649
1938,26.670734
1939,35.96167
1940,34.780052
1941,34.699993
1942,35.021343
1943,32.937122
1944,28.700523
1945,30.637377
1946,22.240097
1947,20.996187
1948,19.276377
1949,18.190989
1950,17.956272
1951,14.395489
1952,12.96603
1953,9.92345
1954,9.536689
1955,6.1246934
1956,6.02152
1957,9.508938
1958,10.62543
1959,9.239836
1960,8.956536
1961,12.332091
1962,19.189888
1963,20.509829
1964,20.38627
1965,24.364899
1966,23.236963
1967,21.510017
1968,36.080173
1969,32.254444
1970,18.19124
1971,21.311272
1972,24.162329
1973,20.062523
1974,16.159197
1975,19.434954
1976,12.339153
1977,9.659842
1978,8.903057
1979,6.092235
1980,7.382176
1981,8.480551
1982,10.060218
1983,8.618738
1984,8.988164
1985,14.974527
1986,20.919474
1987,23.230547
1988,20.506496
1989,26.80097
1990,24.044916
1991,25.45531
1992,36.080173
1993,32.254444
1994,18.19124
1995,21.311272
1996,24.162329
1997,20.062523
1998,16.159197
1999,19.434954
2000,12.339153
2001,9.659842
2002,8.903057
2003,6.092235
2004,7.382176
2005,8.480551
2006,10.060218
2007,8.618738
2008,8.988164
2009,14.974527
2010,20.919474
2011,23.230547
2012,20.506496
2013,26.80097
2014,24.044916
2015,25.45531
2016,-0.17076448
2017,2.3022182
2018,1.8257171
2019,1.6878026
2020,2.5512645
2021,1.6566222
2022,2.4405305
2023,-3.183022
2024,0.46873313
2025,0.24023893
2026,0.8922011
2027,0.69686747
2028,0.74547416
2029,-0.1928193
2030,-0.28721657
2031,-0.38860255
2032,-1.5546224
2033,1.8920306
2034,1.6333007
2035,2.9874444
2036,1.3085515
2037,2.2127526
2038,1.7716169
2039,1.9898225
2040,0.4208033
2041,1.7172426
2042,2.5765257
2043,1.8184733
2044,2.2973626
2045,1.8193346
2046,0.5230241
2047,1.3888009
2048,1.4497383
2049,0.9843694
2050,0.6040374
2051,-0.27333
2052,-0.38630792
2053,0.18297774
2054,2.3386598
2055,1.1825825
2056,2.0846934
2057,3.1589289
2058,2.8735762
2059,0.99823576
2060,1.98908
2061,2.070318
2062,-0.1578516
2063,1.9893855
2064,0.5442302
2065,1.5396738
2066,1.0338273
2067,1.2770959
2068,1.1195284
2069,1.3934532
2070,0.31221765
2071,0.3694549
2072,0.044278868
2073,1.0513927
2074,0.4503091
2075,-0.14660066
2076,-0.6835997
2077,-0.76336277
2078,1.3951898
2079,1.0652186
2080,1.2831956
2081,0.97872186
2082,1.7395513
2083,1.1101427
2084,0.22598867
2085,1.2555639
2086,-0.24024272
2087,1.0776263
2088,1.7927271
2089,2.1262355
2090,1.6590241
2091,2.5389311
2092,2.0768964
2093,1.1051898
2094,2.0762877
2095,0.15378135
2096,1.3169976
2097,1.8745853
2098,1.3658266
2099,-0.8665509
2100,0.63431984
2101,1.5778062
2102,1.1022599
2103,1.0505086
2104,1.7083734
2105,2.589887
2106,3.071269
2107,3.55273
2108,2.0305161
2109,2.4924397
2110,-1.1055295
2111,2.235258
2112,0.4944162
2113,1.5047402
2114,1.2976112
2115,1.1676389
2116,0.6502548
2117,0.7662497
2118,1.8280358
2119,1.4741572
2120,2.097865
2121,0.9470048
2122,0.6891829
2123,0.61603093
2124,0.15023647
2125,1.6963573
2126,0.25262395
2127,0.57156134
2128,1.3495659
2129,1.8831097
2130,1.7676717
2131,2.0627434
2132,1.0261364
2133,1.4688671
2134,1.9390651
2135,1.7664164
2136,0.90818655
2137,1.6429428
2138,0.7100102
2139,1.1790073
2140,0.5244499
2141,0.5153079
2142,0.7789517
2143,0.7794404
2144,1.4313585
2145,0.82314974
2146,-0.4944945
2147,0.11064034
2148,-1.080834
2149,0.71651775
2150,1.7839236
2151,1.194379
2152,2.757873
2153,4.2764816
2154,2.7518895
2155,2.5279229
2156,1.717619
2157,2.38383
2158,2.0739324
2159,2.2979004
2160,0.8762687
2161,1.5616604
2162,1.4915267
2163,1.4390771
2164,1.600471
2165,1.5871603
2166,1.6834027
2167,0.63598055
2168,0.92167914
2169,0.8956829
2170,0.040968876
2171,-0.45519263
2172,-0.22764304
2173,0.6736899
2174,1.8023616
2175,1.8659763
2176,1.9895902
2177,2.8582716
2178,3.5102367
2179,0.75448984
2180,1.2708725
2181,2.6196907
2182,-0.036072716
2183,2.834028
2184,0.9824322
2185,1.1667877
2186,1.4640441
2187,1.488045
2188,1.9430393
2189,0.7023281
2190,1.5105128
2191,1.1692667
2192,1.0844938
2193,0.7712898
2194,0.66414136
2195,0.27315068
2196,-1.2994184
2197,0.97219783
2198,1.9992802
2199,1.7757301
2200,2.4829645
2201,3.1423366
2202,2.2695615
2203,2.5581787
2204,0.9126483
2205,2.233259
2206,2.2251348
2207,2.112258
2208,0.4208033
2209,1.7172426
2210,2.5765257
2211,1.8184733
2212,2.2973626
2213,1.8193346
2214,0.5230241
2215,1.3888009
2216,1.4497383
2217,0.9843694
2218,0.6040374
2219,-0.27333
2220,-0.38630792
2221,0.18297774
2222,2.3386598
2223,1.1825825
2224,2.0846934
2225,3.1589289
2226,2.8735762
2227,0.99823576
2228,1.98908
2229,2.070318
2230,-0.1578516
2231,1.9893855
2232,0.5442302
2233,1.5396738
2234,1.0338273
2235,1.2770959
2236,1.1195284
2237,1.3934532
2238,0.31221765
2239,0.3694549
2240,0.044278868
2241,1.0513927
2242,0.4503091
2243,-0.14660066
2244,-0.6835997
2245,-0.76336277
2246,1.3951898
2247,1.0652186
2248,1.2831956
2249,0.97872186
2250,1.7395513
2251,1.1101427
2252,0.22598867
2253,1.2555639
2254,-0.24024272
2255,1.0776263
2256,1.7927271
2257,2.1262355
2258,1.6590241
2259,2.5389311
2260,2.0768964
2261,1.1051898
2262,2.0762877
2263,0.15378135
2264,1.3169976
2265,1.8745853
2266,1.3658266
2267,-0.8665509
2268,0.63431984
2269,1.5778062
2270,1.1022599
2271,1.0505086
2272,1.7083734
2273,2.589887
2274,3.071269
2275,3.55273
2276,2.0305161
2277,2.4924397
2278,-1.1055295
2279,2.235258
2280,0.4944162
2281,1.5047402
2282,1.2976112
2283,1.1676389
2284,0.6502548
2285,0.7662497
2286,1.8280358
2287,1.4741572
2288,2.097865
2289,0.9470048
2290,0.6891829
2291,0.61603093
2292,0.15023647
2293,1.6963573
2294,0.25262395
2295,0.57156134
2296,1.3495659
2297,1.8831097
2298,1.7676717
2299,2.0627434
2300,1.0261364
2301,1.4688671
2302,1.9390651
2303,1.7664164
2304,0.90818655
2305,1.6429428
2306,0.7100102
2307,1.1790073
2308,0.5244499
2309,0.5153079
2310,0.7789517
2311,0.7794404
2312,1.4313585
2313,0.82314974
2314,-0.4944945
2315,0.11064034
2316,-1.080834
2317,0.71651775
2318,1.7839236
2319,1.194379
2320,2.757873
2321,4.2764816
2322,2.7518895
2323,2.5279229
2324,1.717619
2325,2.38383
2326,2.0739324
2327,2.2979004
2328,0.8762687
2329,1.5616604
2330,1.4915267
2331,1.4390771
2332,1.600471
2333,1.5871603
2334,1.6834027
2335,0.63598055
2336,0.92167914
2337,0.8956829
2338,0.040968876
2339,-0.45519263
2340,-0.22764304
2341,0.6736899
2342,1.8023616
2343,1.8659763
2344,1.9895902
2345,2.8582716
2346,3.5102367
2347,0.75448984
2348,1.2708725
2349,2.6196907
2350,-0.036072716
2351,2.834028
2352,0.9824322
2353,1.1667877
2354,1.4640441
2355,1.488045
2356,1.9430393
2357,0.7023281
2358,1.5105128
2359,1.1692667
2360,1.0844938
2361,0.7712898
2362,0.66414136
2363,0.27315068
2364,-1.2994184
2365,0.97219783
2366,1.9992802
2367,1.7757301
2368,2.4829645
2369,3.1423366
2370,2.2695615
2371,2.5581787
2372,0.9126483
2373,2.233259
2374,2.2251348
2375,2.112258
2376,0.4208033
2377,1.7172426
2378,2.5765257
2379,1.8184733
2380,2.2973626
2381,1.8193346
2382,0.5230241
2383,1.3888009
2384,1.4497383
2385,0.9843694
2386,0.6040374
2387,-0.27333
2388,-0.38630792
2389,0.18297774
2390,2.3386598
2391,1.1825825
2392,2.0846934
2393,3.1589289
2394,2.8735762
2395,0.99823576
2396,1.98908
2397,2.070318
2398,-0.1578516
2399,1.9893855
2400,0.5442302
2401,1.5396738
2402,1.0338273
2403,1.2770959
2404,1.1195284
2405,1.3934532
2406,0.31221765
2407,0.3694549
2408,0.044278868
2409,1.0513927
2410,0.4503091
2411,-0.14660066
2412,-0.6835997
2413,-0.76336277
2414,1.3951898
2415,1.0652186
2416,1.2831956
2417,0.97872186
2418,1.7395513
2419,1.1101427
2420,0.22598867
2421,1.2555639
2422,-0.24024272
2423,1.0776263
2424,0.42953607
2425,-0.64868
2426,2.0969105
2427,1.4962095
2428,0.09211146
2429,0.15396953
2430,0.701607
2431,-1.0919448
2432,3.0092304
2433,2.3405552
2434,0.7735643
2435,-4.875397
2436,-2.9676704
2437,-1.9003769
2438,2.081723
2439,2.433148
2440,1.9327633
2441,-0.96823746
2442,4.583774
2443,1.0016329
2444,-1.5994847
2445,2.955927
2446,-2.0911467
2447,0.0018223263
2448,0.4944162
2449,1.5047402
2450,1.2976112
2451,1.1676389
2452,0.6502548
2453,0.7662497
2454,1.8280358
2455,1.4741572
2456,2.097865
2457,0.9470048
2458,0.6891829
2459,0.61603093
2460,0.15023647
2461,1.6963573
2462,0.25262395
2463,0.57156134
2464,1.3495659
2465,1.8831097
2466,1.7676717
2467,2.0627434
2468,1.0261364
2469,1.4688671
2470,1.9390651
2471,1.7664164
2472,0.90818655
2473,1.6429428
2474,0.7100102
2475,1.1790073
2476,0.5244499
2477,0.5153079
2478,0.7789517
2479,0.7794404
2480,1.4313585
2481,0.82314974
2482,-0.4944945
2483,0.11064034
2484,-1.080834
2485,0.71651775
2486,1.7839236
2487,1.194379
2488,2.757873
2489,4.2764816
2490,2.7518895
2491,2.5279229
2492,1.717619
2493,2.38383
2494,2.0739324
2495,2.2979004
2496,0.8762687
2497,1.5616604
2498,1.4915267
2499,1.4390771
2500,1.600471
2501,1.5871603
2502,1.6834027
2503,0.63598055
2504,0.92167914
2505,0.8956829
2506,0.040968876
2507,-0.45519263
2508,-0.22764304
2509,0.6736899
2510,1.8023616
2511,1.8659763
2512,1.9895902
2513,2.8582716
2514,3.5102367
2515,0.75448984
2516,1.2708725
2517,2.6196907
2518,-0.036072716
2519,2.834028
2520,0.9824322
2521,1.1667877
2522,1.4640441
2523,1.488045
2524,1.9430393
2525,0.7023281
2526,1.5105128
2527,1.1692667
2528,1.0844938
2529,0.7712898
2530,0.66414136
2531,0.27315068
2532,-1.2994184
2533,0.97219783
2534,1.9992802
2535,1.7757301
2536,2.4829645
2537,3.1423366
2538,2.2695615
2539,2.5581787
2540,0.9126483
2541,2.233259
2542,2.2251348
2543,2.112258
2544,0.4208033
2545,1.7172426
2546,2.5765257
2547,1.8184733
2548,2.2973626
2549,1.8193346
2550,0.5230241
2551,1.3888009
2552,1.4497383
2553,0.9843694
2554,0.6040374
2555,-0.27333
2556,-0.38630792
2557,0.18297774
2558,2.3386598
2559,1.1825825
2560,2.0846934
2561,3.1589289
2562,2.8735762
2563,0.99823576
2564,1.98908
2565,2.070318
2566,-0.1578516
2567,1.9893855
2568,0.5442302
2569,1.5396738
2570,1.0338273
2571,1.2770959
2572,1.1195284
2573,1.3934532
2574,0.31221765
2575,0.3694549
2576,0.044278868
2577,1.0513927
2578,0.4503091
2579,-0.14660066
2580,-0.6835997
2581,-0.76336277
2582,1.3951898
2583,1.0652186
2584,1.2831956
2585,0.97872186
2586,1.7395513
2587,1.1101427
2588,0.22598867
2589,1.2555639
2590,-0.24024272
2591,1.0776263
2592,1.7927271
2593,2.1262355
2594,1.6590241
2595,2.5389311
2596,2.0768964
2597,1.1051898
2598,2.0762877
2599,0.15378135
2600,1.3169976
2601,1.8745853
2602,1.3658266
2603,-0.8665509
2604,0.63431984
2605,1.5778062
2606,1.1022599
2607,1.0505086
2608,1.7083734
2609,2.589887
2610,3.071269
2611,3.55273
2612,2.0305161
2613,2.4924397
2614,-1.1055295
2615,2.235258
2616,0.4944162
2617,1.5047402
2618,1.2976112
2619,1.1676389
2620,0.6502548
2621,0.7662497
2622,1.8280358
2623,1.4741572
2624,2.097865
2625,0.9470048
2626,0.6891829
2627,0.61603093
2628,0.15023647
2629,1.6963573
2630,0.25262395
2631,0.57156134
2632,1.3495659
2633,1.8831097
2634,1.7676717
2635,2.0627434
2636,1.0261364
2637,1.4688671
2638,1.9390651
2639,1.7664164
2640,-0.17076448
2641,2.3022182
2642,1.8257171
2643,1.6878026
2644,2.5512645
2645,1.6566222
2646,2.4405305
2647,-3.183022
2648,0.46873313
2649,0.24023893
2650,0.8922011
2651,0.69686747
2652,0.74547416
2653,-0.1928193
2654,-0.28721657
2655,-0.38860255
2656,-1.5546224
2657,1.8920306
2658,1.6333007
2659,2.9874444
2660,1.3085515
2661,2.2127526
2662,1.7716169
2663,1.9898225
2664,-0.17076448
2665,2.3022182
2666,1.8257171
2667,1.6878026
2668,2.5512645
2669,1.6566222
2670,2.4405305
2671,-3.183022
2672,0.46873313
2673,0.24023893
2674,0.8922011
2675,0.69686747
2676,0.74547416
2677,-0.1928193
2678,-0.28721657
2679,-0.38860255
2680,-1.5546224
2681,1.8920306
2682,1.6333007
2683,2.9874444
2684,1.3085515
2685,2.2127526
2686,1.7716169
2687,1.9898225
2688,22.16607
2689,24.837532
2690,19.630566
2691,14.079133
2692,21.399418
2693,21.327972
2694,20.022062
2695,13.366314
2696,13.683555
2697,11.667083
2698,10.555847
2699,9.435295
2700,10.160083
2701,10.514788
2702,13.248604
2703,20.214685
2704,26.354465
2705,28.905222
2706,31.183067
2707,34.79982
2708,24.45887
2709,30.27764
2710,26.775776
2711,23.880968
2712,31.837301
2713,29.058455
2714,29.615
2715,27.040934
2716,25.648357
2717,24.927671
2718,23.230375
2719,18.10432
2720,13.683555
2721,12.80135
2722,9.502002
2723,9.047519
2724,10.061898
2725,12.625333
2726,28.961435
2727,47.873093
2728,64.10795
2729,77.714455
2730,70.8051
2731,55.24219
2732,49.07507
2733,45.593296
2734,42.358223
2735,37.52821
2736,32.74272
2737,29.81625
2738,29.76115
2739,25.825329
2740,26.331055
2741,23.507196
2742,21.479923
2743,18.015867
2744,13.683555
2745,12.747237
2746,9.486308
2747,9.5610695
2748,10.30775
2749,11.6597595
2750,25.937222
2751,47.0702
2752,64.424255
2753,78.06475
2754,67.87948
2755,56.607735
2756,49.00811
2757,37.743885
2758,42.116005
2759,37.01044
2760,35.00141
2761,34.061604
2762,26.647856
2763,24.618143
2764,29.827362
2765,29.105103
2766,28.021246
2767,23.039518
2768,24.958384
2769,17.025623
2770,12.95172
2771,11.072648
2772,11.45991
2773,12.696933
2774,23.486015
2775,28.62221
2776,36.03766
2777,41.452118
2778,50.309998
2779,42.61927
2780,44.495075
2781,36.703377
2782,35.348137
2783,30.66207
2784,29.927269
2785,35.31655
2786,29.27224
2787,25.12722
2788,25.505304
2789,26.932089
2790,27.626963
2791,25.040071
2792,22.254229
2793,16.32456
2794,12.107829
2795,9.854021
2796,10.974188
2797,12.818698
2798,19.477531
2799,23.907372
2800,29.918385
2801,33.37786
2802,31.265614
2803,40.439205
2804,37.537617
2805,29.797558
2806,27.816586
2807,24.051935
2808,24.535372
2809,23.228025
2810,23.23067
2811,21.880302
2812,20.12555
2813,20.081291
2814,18.350674
2815,16.395319
2816,13.484861
2817,12.38545
2818,9.419767
2819,9.331345
2820,10.606245
2821,12.383303
2822,26.590267
2823,43.29447
2824,64.2803
2825,73.71567
2826,60.53616
2827,56.60616
2828,47.9666
2829,41.376583
2830,42.29663
2831,34.871098
2832,31.04116
2833,31.039986
2834,30.308302
2835,25.603308
2836,24.939653
2837,22.645102
2838,18.29288
2839,19.011536
2840,13.396396
2841,12.032555
2842,9.034441
2843,9.234947
2844,10.162308
2845,11.784053
2846,27.65122
2847,46.451683
2848,61.712803
2849,79.02194
2850,63.94027
2851,55.906258
2852,47.221554
2853,46.009235
2854,38.167725
2855,36.81926
2856,30.29998
2857,30.464567
2858,27.930246
2859,25.9084
2860,22.900856
2861,23.056911
2862,21.270147
2863,18.694706
2864,13.683555
2865,12.497487
2866,9.833759
2867,8.982748
2868,9.485823
2869,12.10894
2870,25.689054
2871,49.426956
2872,62.617233
2873,77.48237
2874,67.15301
2875,61.213837
2876,50.933815
2877,46.65386
2878,43.541523
2879,35.209988
2880,31.837301
2881,29.058455
2882,29.615
2883,27.040934
2884,25.648357
2885,24.927671
2886,23.230375
2887,18.10432
2888,13.683555
2889,12.80135
2890,9.502002
2891,9.047519
2892,10.061898
2893,12.625333
2894,28.961435
2895,47.873093
2896,64.10795
2897,77.714455
2898,70.8051
2899,55.24219
2900,49.07507
2901,45.593296
2902,42.358223
2903,37.52821
2904,32.74272
2905,29.81625
2906,29.76115
2907,25.825329
2908,26.331055
2909,23.507196
2910,21.479923
2911,18.015867
2912,13.683555
2913,12.747237
2914,9.486308
2915,9.5610695
2916,10.30775
2917,11.6597595
2918,25.937222
2919,47.0702
2920,64.424255
2921,78.06475
2922,67.87948
2923,56.607735
2924,49.00811
2925,37.743885
2926,42.116005
2927,37.01044
2928,35.00141
2929,34.061604
2930,26.647856
2931,24.618143
2932,29.827362
2933,29.105103
2934,28.021246
2935,23.039518
2936,24.958384
2937,17.025623
2938,12.95172
2939,11.072648
2940,11.45991
2941,12.696933
2942,23.486015
2943,28.62221
2944,36.03766
2945,41.452118
2946,50.309998
2947,42.61927
2948,44.495075
2949,36.703377
2950,35.348137
2951,30.66207
2952,29.927269
2953,35.31655
2954,29.27224
2955,25.12722
2956,25.505304
2957,26.932089
2958,27.626963
2959,25.040071
2960,22.254229
2961,16.32456
2962,12.107829
2963,9.854021
2964,10.974188
2965,12.818698
2966,19.477531
2967,23.907372
2968,29.918385
2969,33.37786
2970,31.265614
2971,40.439205
2972,37.537617
2973,29.797558
2974,27.816586
2975,24.051935
2976,24.535372
2977,23.228025
2978,23.23067
2979,21.880302
2980,20.12555
2981,20.081291
2982,18.350674
2983,16.395319
2984,13.484861
2985,12.38545
2986,9.419767
2987,9.331345
2988,10.606245
2989,12.383303
2990,26.590267
2991,43.29447
2992,64.2803
2993,73.71567
2994,60.53616
2995,56.60616
2996,47.9666
2997,41.376583
2998,42.29663
2999,34.871098
3000,31.04116
3001,31.039986
3002,30.308302
3003,25.603308
3004,24.939653
3005,22.645102
3006,18.29288
3007,19.011536
3008,13.396396
3009,12.032555
3010,9.034441
3011,9.234947
3012,10.162308
3013,11.784053
3014,27.65122
3015,46.451683
3016,61.712803
3017,79.02194
3018,63.94027
3019,55.906258
3020,47.221554
3021,46.009235
3022,38.167725
3023,36.81926
3024,30.29998
3025,30.464567
3026,27.930246
3027,25.9084
3028,22.900856
3029,23.056911
3030,21.270147
3031,18.694706
3032,13.683555
3033,12.497487
3034,9.833759
3035,8.982748
3036,9.485823
3037,12.10894
3038,25.689054
3039,49.426956
3040,62.617233
3041,77.48237
3042,67.15301
3043,61.213837
3044,50.933815
3045,46.65386
3046,43.541523
3047,35.209988
3048,31.837301
3049,29.058455
3050,29.615
3051,27.040934
3052,25.648357
3053,24.927671
3054,23.230375
3055,18.10432
3056,13.683555
3057,12.80135
3058,9.502002
3059,9.047519
3060,10.061898
3061,12.625333
3062,28.961435
3063,47.873093
3064,64.10795
3065,77.714455
3066,70.8051
3067,55.24219
3068,49.07507
3069,45.593296
3070,42.358223
3071,37.52821
3072,32.74272
3073,29.81625
3074,29.76115
3075,25.825329
3076,26.331055
3077,23.507196
3078,21.479923
3079,18.015867
3080,13.683555
3081,12.747237
3082,9.486308
3083,9.5610695
3084,10.30775
3085,11.6597595
3086,25.937222
3087,47.0702
3088,64.424255
3089,78.06475
3090,67.87948
3091,56.607735
3092,49.00811
3093,37.743885
3094,42.116005
3095,37.01044
3096,39.093155
3097,37.40529
3098,31.551884
3099,34.76015
3100,33.54598
3101,30.142765
3102,25.80614
3103,22.685333
3104,19.824144
3105,13.683555
3106,13.214739
3107,9.466887
3108,11.732277
3109,13.683555
3110,34.43712
3111,46.80879
3112,62.298717
3113,56.913857
3114,63.945698
3115,46.223038
3116,56.318546
3117,48.790527
3118,43.97242
3119,37.100456
3120,29.927269
3121,35.31655
3122,29.27224
3123,25.12722
3124,25.505304
3125,26.932089
3126,27.626963
3127,25.040071
3128,22.254229
3129,16.32456
3130,12.107829
3131,9.854021
3132,10.974188
3133,12.818698
3134,19.477531
3135,23.907372
3136,29.918385
3137,33.37786
3138,31.265614
3139,40.439205
3140,37.537617
3141,29.797558
3142,27.816586
3143,24.051935
3144,24.535372
3145,23.228025
3146,23.23067
3147,21.880302
3148,20.12555
3149,20.081291
3150,18.350674
3151,16.395319
3152,13.484861
3153,12.38545
3154,9.419767
3155,9.331345
3156,10.606245
3157,12.383303
3158,26.590267
3159,43.29447
3160,64.2803
3161,73.71567
3162,60.53616
3163,56.60616
3164,47.9666
3165,41.376583
3166,42.29663
3167,34.871098
3168,31.04116
3169,31.039986
3170,30.308302
3171,25.603308
3172,24.939653
3173,22.645102
3174,18.29288
3175,19.011536
3176,13.396396
3177,12.032555
3178,9.034441
3179,9.234947
3180,10.162308
3181,11.784053
3182,27.65122
3183,46.451683
3184,61.712803
3185,79.02194
3186,63.94027
3187,55.906258
3188,47.221554
3189,46.009235
3190,38.167725
3191,36.81926
3192,30.29998
3193,30.464567
3194,27.930246
3195,25.9084
3196,22.900856
3197,23.056911
3198,21.270147
3199,18.694706
3200,13.683555
3201,12.497487
3202,9.833759
3203,8.982748
3204,9.485823
3205,12.10894
3206,25.689054
3207,49.426956
3208,62.617233
3209,77.48237
3210,67.15301
3211,61.213837
3212,50.933815
3213,46.65386
3214,43.541523
3215,35.209988
3216,31.837301
3217,29.058455
3218,29.615
3219,27.040934
3220,25.648357
3221,24.927671
3222,23.230375
3223,18.10432
3224,13.683555
3225,12.80135
3226,9.502002
3227,9.047519
3228,10.061898
3229,12.625333
3230,28.961435
3231,47.873093
3232,64.10795
3233,77.714455
3234,70.8051
3235,55.24219
3236,49.07507
3237,45.593296
3238,42.358223
3239,37.52821
3240,32.74272
3241,29.81625
3242,29.76115
3243,25.825329
3244,26.331055
3245,23.507196
3246,21.479923
3247,18.015867
3248,13.683555
3249,12.747237
3250,9.486308
3251,9.5610695
3252,10.30775
3253,11.6597595
3254,25.937222
3255,47.0702
3256,64.424255
3257,78.06475
3258,67.87948
3259,56.607735
3260,49.00811
3261,37.743885
3262,42.116005
3263,37.01044
3264,35.00141
3265,34.061604
3266,26.647856
3267,24.618143
3268,29.827362
3269,29.105103
3270,28.021246
3271,23.039518
3272,24.958384
3273,17.025623
3274,12.95172
3275,11.072648
3276,11.45991
3277,12.696933
3278,23.486015
3279,28.62221
3280,36.03766
3281,41.452118
3282,50.309998
3283,42.61927
3284,44.495075
3285,36.703377
3286,35.348137
3287,30.66207
3288,29.927269
3289,35.31655
3290,29.27224
3291,25.12722
3292,25.505304
3293,26.932089
3294,27.626963
3295,25.040071
3296,22.254229
3297,16.32456
3298,12.107829
3299,9.854021
3300,10.974188
3301,12.818698
3302,19.477531
3303,23.907372
3304,29.918385
3305,33.37786
3306,31.265614
3307,40.439205
3308,37.537617
3309,29.797558
3310,27.816586
3311,24.051935
3312,22.16607
3313,24.837532
3314,19.630566
3315,14.079133
3316,21.399418
3317,21.327972
3318,20.022062
3319,13.366314
3320,13.683555
3321,11.667083
3322,10.555847
3323,9.435295
3324,10.160083
3325,10.514788
3326,13.248604
3327,20.214685
3328,26.354465
3329,28.905222
3330,31.183067
3331,34.79982
3332,24.45887
3333,30.27764
3334,26.775776
3335,23.880968
3336,22.16607
3337,24.837532
3338,19.630566
3339,14.079133
3340,21.399418
3341,21.327972
3342,20.022062
3343,13.366314
3344,13.683555
3345,11.667083
3346,10.555847
3347,9.435295
3348,10.160083
3349,10.514788
3350,13.248604
3351,20.214685
3352,26.354465
3353,28.905222
3354,31.183067
3355,34.79982
3356,24.45887
3357,30.27764
3358,26.775776
3359,23.880968
3360,18.720692
3361,19.932104
3362,17.112743
3363,16.787886
3364,16.706211
3365,20.432724
3366,19.066826
3367,16.396872
3368,13.424846
3369,10.384816
3370,9.9471035
3371,7.8163266
3372,9.353377
3373,9.568224
3374,12.727977
3375,13.683555
3376,16.54013
3377,22.096107
3378,23.56983
3379,28.461994
3380,21.25533
3381,19.786423
3382,17.633163
3383,22.176271
3384,35.276573
3385,37.51785
3386,34.438023
3387,27.786953
3388,24.739134
3389,22.84052
3390,25.13078
3391,16.896635
3392,13.434384
3393,9.994931
3394,8.204313
3395,6.398875
3396,7.213982
3397,9.283183
3398,18.869783
3399,36.069878
3400,58.319492
3401,62.567173
3402,54.857746
3403,52.875904
3404,46.869537
3405,41.057064
3406,40.45857
3407,38.659847
3408,39.41573
3409,41.057228
3410,34.979115
3411,30.16335
3412,24.841784
3413,30.760885
3414,24.4715
3415,18.313812
3416,12.046703
3417,9.050901
3418,8.281987
3419,6.715814
3420,7.2705503
3421,9.364495
3422,16.808815
3423,38.969547
3424,61.234146
3425,63.9952
3426,58.145298
3427,55.43314
3428,48.512363
3429,42.9772
3430,42.771805
3431,43.275738
3432,31.948624
3433,34.63086
3434,26.85087
3435,27.205736
3436,27.30402
3437,24.717344
3438,28.072783
3439,23.181738
3440,17.322573
3441,12.012798
3442,10.496746
3443,7.8308363
3444,7.9927373
3445,9.781012
3446,15.232072
3447,18.134266
3448,30.080639
3449,30.365908
3450,30.829887
3451,33.869408
3452,29.5985
3453,24.930454
3454,25.977648
3455,23.404287
3456,22.738525
3457,27.933401
3458,23.721912
3459,21.641315
3460,20.346567
3461,24.176502
3462,22.979687
3463,19.133333
3464,13.683555
3465,11.5843115
3466,10.356781
3467,7.7428727
3468,7.9763994
3469,10.788849
3470,13.007541
3471,13.683555
3472,21.408476
3473,22.956291
3474,23.055473
3475,29.751524
3476,24.305887
3477,22.881466
3478,21.381
3479,18.648836
3480,19.42272
3481,19.858313
3482,18.133917
3483,18.72649
3484,13.683555
3485,15.188634
3486,14.90392
3487,11.266088
3488,12.795135
3489,8.105366
3490,7.1730213
3491,7.225548
3492,6.7447867
3493,9.210846
3494,18.522865
3495,29.878645
3496,55.50677
3497,58.164818
3498,45.643505
3499,43.13212
3500,39.70713
3501,42.476776
3502,38.03154
3503,35.37889
3504,28.569962
3505,33.05195
3506,29.994188
3507,25.39782
3508,20.94795
3509,21.42669
3510,23.084131
3511,15.853373
3512,12.445231
3513,9.133007
3514,8.15828
3515,7.2120585
3516,7.633642
3517,9.141805
3518,17.550932
3519,34.510677
3520,58.93408
3521,59.134563
3522,48.936657
3523,49.05083
3524,42.75248
3525,40.186844
3526,40.96745
3527,38.611446
3528,34.196053
3529,33.80745
3530,30.6655
3531,28.27189
3532,22.516033
3533,21.413076
3534,23.52964
3535,15.509502
3536,12.599759
3537,9.983786
3538,8.762681
3539,7.716928
3540,6.732159
3541,9.606862
3542,18.56882
3543,36.2798
3544,60.382847
3545,62.50038
3546,54.6746
3547,56.41599
3548,46.905067
3549,44.396305
3550,42.019596
3551,38.19007
3552,35.276573
3553,37.51785
3554,34.438023
3555,27.786953
3556,24.739134
3557,22.84052
3558,25.13078
3559,16.896635
3560,13.434384
3561,9.994931
3562,8.204313
3563,6.398875
3564,7.213982
3565,9.283183
3566,18.869783
3567,36.069878
3568,58.319492
3569,62.567173
3570,54.857746
3571,52.875904
3572,46.869537
3573,41.057064
3574,40.45857
3575,38.659847
3576,39.41573
3577,41.057228
3578,34.979115
3579,30.16335
3580,24.841784
3581,30.760885
3582,24.4715
3583,18.313812
3584,12.046703
3585,9.050901
3586,8.281987
3587,6.715814
3588,7.2705503
3589,9.364495
3590,16.808815
3591,38.969547
3592,61.234146
3593,63.9952
3594,58.145298
3595,55.43314
3596,48.512363
3597,42.9772
3598,42.771805
3599,43.275738
3600,31.948624
3601,34.63086
3602,26.85087
3603,27.205736
3604,27.30402
3605,24.717344
3606,28.072783
3607,23.181738
3608,17.322573
3609,12.012798
3610,10.496746
3611,7.8308363
3612,7.9927373
3613,9.781012
3614,15.232072
3615,18.134266
3616,30.080639
3617,30.365908
3618,30.829887
3619,33.869408
3620,29.5985
3621,24.930454
3622,25.977648
3623,23.404287
3624,22.738525
3625,27.933401
3626,23.721912
3627,21.641315
3628,20.346567
3629,24.176502
3630,22.979687
3631,19.133333
3632,13.683555
3633,11.5843115
3634,10.356781
3635,7.7428727
3636,7.9763994
3637,10.788849
3638,13.007541
3639,13.683555
3640,21.408476
3641,22.956291
3642,23.055473
3643,29.751524
3644,24.305887
3645,22.881466
3646,21.381
3647,18.648836
3648,19.42272
3649,19.858313
3650,18.133917
3651,18.72649
3652,13.683555
3653,15.188634
3654,14.90392
3655,11.266088
3656,12.795135
3657,8.105366
3658,7.1730213
3659,7.225548
3660,6.7447867
3661,9.210846
3662,18.522865
3663,29.878645
3664,55.50677
3665,58.164818
3666,45.643505
3667,43.13212
3668,39.70713
3669,42.476776
3670,38.03154
3671,35.37889
3672,28.569962
3673,33.05195
3674,29.994188
3675,25.39782
3676,20.94795
3677,21.42669
3678,23.084131
3679,15.853373
3680,12.445231
3681,9.133007
3682,8.15828
3683,7.2120585
3684,7.633642
3685,9.141805
3686,17.550932
3687,34.510677
3688,58.93408
3689,59.134563
3690,48.936657
3691,49.05083
3692,42.75248
3693,40.186844
3694,40.96745
3695,38.611446
3696,34.196053
3697,33.80745
3698,30.6655
3699,28.27189
3700,22.516033
3701,21.413076
3702,23.52964
3703,15.509502
3704,12.599759
3705,9.983786
3706,8.762681
3707,7.716928
3708,6.732159
3709,9.606862
3710,18.56882
3711,36.2798
3712,60.382847
3713,62.50038
3714,54.6746
3715,56.41599
3716,46.905067
3717,44.396305
3718,42.019596
3719,38.19007
3720,35.276573
3721,37.51785
3722,34.438023
3723,27.786953
3724,24.739134
3725,22.84052
3726,25.13078
3727,16.896635
3728,13.434384
3729,9.994931
3730,8.204313
3731,6.398875
3732,7.213982
3733,9.283183
3734,18.869783
3735,36.069878
3736,58.319492
3737,62.567173
3738,54.857746
3739,52.875904
3740,46.869537
3741,41.057064
3742,40.45857
3743,38.659847
3744,39.41573
3745,41.057228
3746,34.979115
3747,30.16335
3748,24.841784
3749,30.760885
3750,24.4715
3751,18.313812
3752,12.046703
3753,9.050901
3754,8.281987
3755,6.715814
3756,7.2705503
3757,9.364495
3758,16.808815
3759,38.969547
3760,61.234146
3761,63.9952
3762,58.145298
3763,55.43314
3764,48.512363
3765,42.9772
3766,42.771805
3767,43.275738
3768,41.883976
3769,31.577185
3770,29.962162
3771,35.1301
3772,28.07096
3773,21.30934
3774,27.279293
3775,18.366245
3776,14.333925
3777,11.393894
3778,9.376449
3779,6.930523
3780,7.374178
3781,10.149541
3782,21.72812
3783,27.63037
3784,52.818146
3785,49.812263
3786,57.396526
3787,37.866432
3788,46.249043
3789,37.54429
3790,32.077705
3791,29.602812
3792,22.738525
3793,27.933401
3794,23.721912
3795,21.641315
3796,20.346567
3797,24.176502
3798,22.979687
3799,19.133333
3800,13.683555
3801,11.5843115
3802,10.356781
3803,7.7428727
3804,7.9763994
3805,10.788849
3806,13.007541
3807,13.683555
3808,21.408476
3809,22.956291
3810,23.055473
3811,29.751524
3812,24.305887
3813,22.881466
3814,21.381
3815,18.648836
3816,19.42272
3817,19.858313
3818,18.133917
3819,18.72649
3820,13.683555
3821,15.188634
3822,14.90392
3823,11.266088
3824,12.795135
3825,8.105366
3826,7.1730213
3827,7.225548
3828,6.7447867
3829,9.210846
3830,18.522865
3831,29.878645
3832,55.50677
3833,58.164818
3834,45.643505
3835,43.13212
3836,39.70713
3837,42.476776
3838,38.03154
3839,35.37889
3840,28.569962
3841,33.05195
3842,29.994188
3843,25.39782
3844,20.94795
3845,21.42669
3846,23.084131
3847,15.853373
3848,12.445231
3849,9.133007
3850,8.15828
3851,7.2120585
3852,7.633642
3853,9.141805
3854,17.550932
3855,34.510677
3856,58.93408
3857,59.134563
3858,48.936657
3859,49.05083
3860,42.75248
3861,40.186844
3862,40.96745
3863,38.611446
3864,34.196053
3865,33.80745
3866,30.6655
3867,28.27189
3868,22.516033
3869,21.413076
3870,23.52964
3871,15.509502
3872,12.599759
3873,9.983786
3874,8.762681
3875,7.716928
3876,6.732159
3877,9.606862
3878,18.56882
3879,36.2798
3880,60.382847
3881,62.50038
3882,54.6746
3883,56.41599
3884,46.905067
3885,44.396305
3886,42.019596
3887,38.19007
3888,35.276573
3889,37.51785
3890,34.438023
3891,27.786953
3892,24.739134
3893,22.84052
3894,25.13078
3895,16.896635
3896,13.434384
3897,9.994931
3898,8.204313
3899,6.398875
3900,7.213982
3901,9.283183
3902,18.869783
3903,36.069878
3904,58.319492
3905,62.567173
3906,54.857746
3907,52.875904
3908,46.869537
3909,41.057064
3910,40.45857
3911,38.659847
3912,39.41573
3913,41.057228
3914,34.979115
3915,30.16335
3916,24.841784
3917,30.760885
3918,24.4715
3919,18.313812
3920,12.046703
3921,9.050901
3922,8.281987
3923,6.715814
3924,7.2705503
3925,9.364495
3926,16.808815
3927,38.969547
3928,61.234146
3929,63.9952
3930,58.145298
3931,55.43314
3932,48.512363
3933,42.9772
3934,42.771805
3935,43.275738
3936,31.948624
3937,34.63086
3938,26.85087
3939,27.205736
3940,27.30402
3941,24.717344
3942,28.072783
3943,23.181738
3944,17.322573
3945,12.012798
3946,10.496746
3947,7.8308363
3948,7.9927373
3949,9.781012
3950,15.232072
3951,18.134266
3952,30.080639
3953,30.365908
3954,30.829887
3955,33.869408
3956,29.5985
3957,24.930454
3958,25.977648
3959,23.404287
3960,22.738525
3961,27.933401
3962,23.721912
3963,21.641315
3964,20.346567
3965,24.176502
3966,22.979687
3967,19.133333
3968,13.683555
3969,11.5843115
3970,10.356781
3971,7.7428727
3972,7.9763994
3973,10.788849
3974,13.007541
3975,13.683555
3976,21.408476
3977,22.956291
3978,23.055473
3979,29.751524
3980,24.305887
3981,22.881466
3982,21.381
3983,18.648836
3984,18.720692
3985,19.932104
3986,17.112743
3987,16.787886
3988,16.706211
3989,20.432724
3990,19.066826
3991,16.396872
3992,13.424846
3993,10.384816
3994,9.9471035
3995,7.8163266
3996,9.353377
3997,9.568224
3998,12.727977
3999,13.683555
4000,16.54013
4001,22.096107
4002,23.56983
4003,28.461994
4004,21.25533
4005,19.786423
4006,17.633163
4007,22.176271
4008,18.720692
4009,19.932104
4010,17.112743
4011,16.787886
4012,16.706211
4013,20.432724
4014,19.066826
4015,16.396872
4016,13.424846
4017,10.384816
4018,9.9471035
4019,7.8163266
4020,9.353377
4021,9.568224
4022,12.727977
4023,13.683555
4024,16.54013
4025,22.096107
4026,23.56983
4027,28.461994
4028,21.25533
4029,19.786423
4030,17.633163
4031,22.176271
4032,0.5727661
4033,-0.14994222
4034,0.3270539
4035,1.6776756
4036,0.9373956
4037,0.82050276
4038,2.520756
4039,1.4633571
4040,1.4360462
4041,-0.37583745
4042,-0.050277516
4043,-1.1143204
4044,-0.68394446
4045,-0.845399
4046,1.0720785
4047,0.17057
4048,-0.82345027
4049,1.4202793
4050,1.1772114
4051,2.4308255
4052,0.36948138
4053,1.3397887
4054,0.74203664
4055,1.755773
4056,3.2582002
4057,0.43412662
4058,2.3358436
4059,0.20154828
4060,1.8320631
4061,2.6397212
4062,2.3151412
4063,2.210804
4064,1.4518776
4065,0.90735054
4066,-0.033904362
4067,0.3824309
4068,0.85278434
4069,0.5757364
4070,0.09347031
4071,2.7865176
4072,-0.186928
4073,-1.6512752
4074,-0.32007274
4075,1.3342586
4076,1.7106719
4077,2.0667632
4078,2.0589774
4079,3.6431031
4080,2.6370084
4081,0.64016443
4082,2.2059064
4083,1.1808776
4084,1.310778
4085,2.5330892
4086,1.7281185
4087,2.5687995
4088,1.5092474
4089,2.2635567
4090,0.6739741
4091,1.3929759
4092,1.101799
4093,-0.1385713
4094,0.2827561
4095,2.632173
4096,2.7206461
4097,2.7903252
4098,1.4660634
4099,1.3145666
4100,0.60116184
4101,1.7582659
4102,2.4278905
4103,2.4017086
4104,1.6706502
4105,1.0691094
4106,0.7817641
4107,1.8389584
4108,1.3321508
4109,0.6603818
4110,2.0550916
4111,0.92782044
4112,-0.057800453
4113,-0.06561385
4114,-0.19826607
4115,0.20936926
4116,-0.20199534
4117,-0.399217
4118,1.3342674
4119,1.5692604
4120,-0.5694435
4121,1.8270141
4122,1.9157853
4123,2.674718
4124,-0.14471519
4125,2.128078
4126,1.9573073
4127,2.3752263
4128,0.56930333
4129,1.9427426
4130,0.8185655
4131,0.37525526
4132,0.342317
4133,0.01579981
4134,1.906848
4135,2.4196718
4136,2.7074769
4137,0.5590387
4138,0.9148975
4139,0.32192537
4140,1.5358638
4141,1.0779686
4142,0.9202091
4143,1.8837727
4144,0.2787692
4145,1.8568823
4146,1.9824915
4147,2.1202445
4148,0.93156743
4149,1.5555128
4150,1.4127753
4151,0.9048248
4152,2.155576
4153,1.1802247
4154,0.5552375
4155,1.4774065
4156,-0.38619047
4157,0.9465691
4158,1.9512126
4159,0.39798823
4160,0.32021672
4161,0.29616404
4162,-0.8397439
4163,0.19368058
4164,0.47685468
4165,1.1331902
4166,0.40493152
4167,1.7633438
4168,0.16774495
4169,-2.1274745
4170,3.0534701
4171,-0.58904076
4172,0.79900485
4173,2.9118729
4174,2.3436317
4175,2.4669158
4176,2.595643
4177,1.117187
4178,1.7585247
4179,2.132228
4180,2.0089917
4181,2.462564
4182,2.6347277
4183,1.8187411
4184,1.1164205
4185,0.7342876
4186,-0.3083937
4187,0.02721366
4188,0.63578224
4189,0.37669745
4190,2.711936
4191,1.8381262
4192,2.1018734
4193,-1.2712437
4194,-1.5970044
4195,0.64303243
4196,1.1955584
4197,2.4510062
4198,2.042906
4199,2.8976214
4200,1.89418
4201,0.015072394
4202,0.65560687
4203,0.738171
4204,0.71663266
4205,0.51462346
4206,1.0793273
4207,1.277159
4208,0.052500173
4209,0.57647014
4210,-0.044264976
4211,-0.0015785918
4212,-0.13740946
4213,1.0359906
4214,-0.2962398
4215,1.8616295
4216,2.234796
4217,-1.8736571
4218,3.1249323
4219,2.072393
4220,0.85197985
4221,1.2713321
4222,1.5006131
4223,2.0109391
4224,3.2582002
4225,0.43412662
4226,2.3358436
4227,0.20154828
4228,1.8320631
4229,2.6397212
4230,2.3151412
4231,2.210804
4232,1.4518776
4233,0.90735054
4234,-0.033904362
4235,0.3824309
4236,0.85278434
4237,0.5757364
4238,0.09347031
4239,2.7865176
4240,-0.186928
4241,-1.6512752
4242,-0.32007274
4243,1.3342586
4244,1.7106719
4245,2.0667632
4246,2.0589774
4247,3.6431031
4248,2.6370084
4249,0.64016443
4250,2.2059064
4251,1.1808776
4252,1.310778
4253,2.5330892
4254,1.7281185
4255,2.5687995
4256,1.5092474
4257,2.2635567
4258,0.6739741
4259,1.3929759
4260,1.101799
4261,-0.1385713
4262,0.2827561
4263,2.632173
4264,2.7206461
4265,2.7903252
4266,1.4660634
4267,1.3145666
4268,0.60116184
4269,1.7582659
4270,2.4278905
4271,2.4017086
4272,1.6706502
4273,1.0691094
4274,0.7817641
4275,1.8389584
4276,1.3321508
4277,0.6603818
4278,2.0550916
4279,0.92782044
4280,-0.057800453
4281,-0.06561385
4282,-0.19826607
4283,0.20936926
4284,-0.20199534
4285,-0.399217
4286,1.3342674
4287,1.5692604
4288,-0.5694435
4289,1.8270141
4290,1.9157853
4291,2.674718
4292,-0.14471519
4293,2.128078
4294,1.9573073
4295,2.3752263
4296,0.56930333
4297,1.9427426
4298,0.8185655
4299,0.37525526
4300,0.342317
4301,0.01579981
4302,1.906848
4303,2.4196718
4304,2.7074769
4305,0.5590387
4306,0.9148975
4307,0.32192537
4308,1.5358638
4309,1.0779686
4310,0.9202091
4311,1.8837727
4312,0.2787692
4313,1.8568823
4314,1.9824915
4315,2.1202445
4316,0.93156743
4317,1.5555128
4318,1.4127753
4319,0.9048248
4320,2.155576
4321,1.1802247
4322,0.5552375
4323,1.4774065
4324,-0.38619047
4325,0.9465691
4326,1.9512126
4327,0.39798823
4328,0.32021672
4329,0.29616404
4330,-0.8397439
4331,0.19368058
4332,0.47685468
4333,1.1331902
4334,0.40493152
4335,1.7633438
4336,0.16774495
4337,-2.1274745
4338,3.0534701
4339,-0.58904076
4340,0.79900485
4341,2.9118729
4342,2.3436317
4343,2.4669158
4344,2.595643
4345,1.117187
4346,1.7585247
4347,2.132228
4348,2.0089917
4349,2.462564
4350,2.6347277
4351,1.8187411
4352,1.1164205
4353,0.7342876
4354,-0.3083937
4355,0.02721366
4356,0.63578224
4357,0.37669745
4358,2.711936
4359,1.8381262
4360,2.1018734
4361,-1.2712437
4362,-1.5970044
4363,0.64303243
4364,1.1955584
4365,2.4510062
4366,2.042906
4367,2.8976214
4368,1.89418
4369,0.015072394
4370,0.65560687
4371,0.738171
4372,0.71663266
4373,0.51462346
4374,1.0793273
4375,1.277159
4376,0.052500173
4377,0.57647014
4378,-0.044264976
4379,-0.0015785918
4380,-0.13740946
4381,1.0359906
4382,-0.2962398
4383,1.8616295
4384,2.234796
4385,-1.8736571
4386,3.1249323
4387,2.072393
4388,0.85197985
4389,1.2713321
4390,1.5006131
4391,2.0109391
4392,3.2582002
4393,0.43412662
4394,2.3358436
4395,0.20154828
4396,1.8320631
4397,2.6397212
4398,2.3151412
4399,2.210804
4400,1.4518776
4401,0.90735054
4402,-0.033904362
4403,0.3824309
4404,0.85278434
4405,0.5757364
4406,0.09347031
4407,2.7865176
4408,-0.186928
4409,-1.6512752
4410,-0.32007274
4411,1.3342586
4412,1.7106719
4413,2.0667632
4414,2.0589774
4415,3.6431031
4416,2.6370084
4417,0.64016443
4418,2.2059064
4419,1.1808776
4420,1.310778
4421,2.5330892
4422,1.7281185
4423,2.5687995
4424,1.5092474
4425,2.2635567
4426,0.6739741
4427,1.3929759
4428,1.101799
4429,-0.1385713
4430,0.2827561
4431,2.632173
4432,2.7206461
4433,2.7903252
4434,1.4660634
4435,1.3145666
4436,0.60116184
4437,1.7582659
4438,2.4278905
4439,2.4017086
4440,3.456064
4441,1.3404871
4442,2.4556258
4443,0.64242625
4444,-0.35167992
4445,3.4417303
4446,2.640388
4447,2.548985
4448,2.884735
4449,1.3440105
4450,0.9927587
4451,1.1491024
4452,0.8164388
4453,-1.5954019
4454,-1.7795225
4455,4.6748505
4456,3.7711308
4457,1.045889
4458,4.8286657
4459,3.5024095
4460,1.0490197
4461,3.7827156
4462,3.1468885
4463,4.4488926
4464,0.56930333
4465,1.9427426
4466,0.8185655
4467,0.37525526
4468,0.342317
4469,0.01579981
4470,1.906848
4471,2.4196718
4472,2.7074769
4473,0.5590387
4474,0.9148975
4475,0.32192537
4476,1.5358638
4477,1.0779686
4478,0.9202091
4479,1.8837727
4480,0.2787692
4481,1.8568823
4482,1.9824915
4483,2.1202445
4484,0.93156743
4485,1.5555128
4486,1.4127753
4487,0.9048248
4488,2.155576
4489,1.1802247
4490,0.5552375
4491,1.4774065
4492,-0.38619047
4493,0.9465691
4494,1.9512126
4495,0.39798823
4496,0.32021672
4497,0.29616404
4498,-0.8397439
4499,0.19368058
4500,0.47685468
4501,1.1331902
4502,0.40493152
4503,1.7633438
4504,0.16774495
4505,-2.1274745
4506,3.0534701
4507,-0.58904076
4508,0.79900485
4509,2.9118729
4510,2.3436317
4511,2.4669158
4512,2.595643
4513,1.117187
4514,1.7585247
4515,2.132228
4516,2.0089917
4517,2.462564
4518,2.6347277
4519,1.8187411
4520,1.1164205
4521,0.7342876
4522,-0.3083937
4523,0.02721366
4524,0.63578224
4525,0.37669745
4526,2.711936
4527,1.8381262
4528,2.1018734
4529,-1.2712437
4530,-1.5970044
4531,0.64303243
4532,1.1955584
4533,2.4510062
4534,2.042906
4535,2.8976214
4536,1.89418
4537,0.015072394
4538,0.65560687
4539,0.738171
4540,0.71663266
4541,0.51462346
4542,1.0793273
4543,1.277159
4544,0.052500173
4545,0.57647014
4546,-0.044264976
4547,-0.0015785918
4548,-0.13740946
4549,1.0359906
4550,-0.2962398
4551,1.8616295
4552,2.234796
4553,-1.8736571
4554,3.1249323
4555,2.072393
4556,0.85197985
4557,1.2713321
4558,1.5006131
4559,2.0109391
4560,3.2582002
4561,0.43412662
4562,2.3358436
4563,0.20154828
4564,1.8320631
4565,2.6397212
4566,2.3151412
4567,2.210804
4568,1.4518776
4569,0.90735054
4570,-0.033904362
4571,0.3824309
4572,0.85278434
4573,0.5757364
4574,0.09347031
4575,2.7865176
4576,-0.186928
4577,-1.6512752
4578,-0.32007274
4579,1.3342586
4580,1.7106719
4581,2.0667632
4582,2.0589774
4583,3.6431031
4584,2.6370084
4585,0.64016443
4586,2.2059064
4587,1.1808776
4588,1.310778
4589,2.5330892
4590,1.7281185
4591,2.5687995
4592,1.5092474
4593,2.2635567
4594,0.6739741
4595,1.3929759
4596,1.101799
4597,-0.1385713
4598,0.2827561
4599,2.632173
4600,2.7206461
4601,2.7903252
4602,1.4660634
4603,1.3145666
4604,0.60116184
4605,1.7582659
4606,2.4278905
4607,2.4017086
4608,1.6706502
4609,1.0691094
4610,0.7817641
4611,1.8389584
4612,1.3321508
4613,0.6603818
4614,2.0550916
4615,0.92782044
4616,-0.057800453
4617,-0.06561385
4618,-0.19826607
4619,0.20936926
4620,-0.20199534
4621,-0.399217
4622,1.3342674
4623,1.5692604
4624,-0.5694435
4625,1.8270141
4626,1.9157853
4627,2.674718
4628,-0.14471519
4629,2.128078
4630,1.9573073
4631,2.3752263
4632,0.56930333
4633,1.9427426
4634,0.8185655
4635,0.37525526
4636,0.342317
4637,0.01579981
4638,1.906848
4639,2.4196718
4640,2.7074769
4641,0.5590387
4642,0.9148975
4643,0.32192537
4644,1.5358638
4645,1.0779686
4646,0.9202091
4647,1.8837727
4648,0.2787692
4649,1.8568823
4650,1.9824915
4651,2.1202445
4652,0.93156743
4653,1.5555128
4654,1.4127753
4655,0.9048248
4656,0.5727661
4657,-0.14994222
4658,0.3270539
4659,1.6776756
4660,0.9373956
4661,0.82050276
4662,2.520756
4663,1.4633571
4664,1.4360462
4665,-0.37583745
4666,-0.050277516
4667,-1.1143204
4668,-0.68394446
4669,-0.845399
4670,1.0720785
4671,0.17057
4672,-0.82345027
4673,1.4202793
4674,1.1772114
4675,2.4308255
4676,0.36948138
4677,1.3397887
4678,0.74203664
4679,1.755773
4680,0.5727661
4681,-0.14994222
4682,0.3270539
4683,1.6776756
4684,0.9373956
4685,0.82050276
4686,2.520756
4687,1.4633571
4688,1.4360462
4689,-0.37583745
4690,-0.050277516
4691,-1.1143204
4692,-0.68394446
4693,-0.845399
4694,1.0720785
4695,0.17057
4696,-0.82345027
4697,1.4202793
4698,1.1772114
4699,2.4308255
4700,0.36948138
4701,1.3397887
4702,0.74203664
4703,1.755773
4704,7.164594
4705,6.831374
4706,6.7058654
4707,8.631665
4708,6.58345
4709,6.7868905
4710,8.0157175
4711,5.0146084
4712,6.6853385
4713,3.236634
4714,2.4011302
4715,2.4542744
4716,2.9961193
4717,3.4177883
4718,4.4976254
4719,6.053946
4720,6.1718245
4721,6.8790073
4722,6.2631392
4723,8.075955
4724,6.6529307
4725,7.93385
4726,7.126023
4727,8.24687
4728,8.65753
4729,8.072585
4730,7.8607984
4731,3.6877413
4732,4.750075
4733,7.4371037
4734,6.2118855
4735,6.1404386
4736,3.800082
4737,4.0433054
4738,2.4849408
4739,2.1008189
4740,3.337148
4741,3.8375301
4742,7.111352
4743,8.286366
4744,12.110563
4745,15.952342
4746,9.628808
4747,9.731886
4748,9.392259
4749,9.127013
4750,6.86653
4751,7.185914
4752,8.547884
4753,8.215315
4754,7.240009
4755,3.8654585
4756,5.2124963
4757,7.144897
4758,7.156427
4759,5.410026
4760,5.5705743
4761,4.5764675
4762,2.1397798
4763,2.7499726
4764,3.9182806
4765,3.440958
4766,6.741369
4767,7.661633
4768,10.027088
4769,17.574585
4770,8.595547
4771,8.863772
4772,8.310903
4773,8.622133
4774,7.093976
4775,5.509995
4776,9.109261
4777,7.81103
4778,8.081948
4779,6.8843775
4780,6.4229493
4781,5.076563
4782,5.8024135
4783,6.911406
4784,1.9071927
4785,2.6385896
4786,1.6226547
4787,2.8095133
4788,3.4069755
4789,4.396226
4790,4.151628
4791,5.654726
4792,8.105976
4793,8.92971
4794,7.836974
4795,9.393715
4796,8.287935
4797,9.83773
4798,7.443592
4799,7.8835516
4800,6.654464
4801,8.251998
4802,7.2663097
4803,8.102471
4804,6.8048506
4805,6.069164
4806,7.30043
4807,6.8009324
4808,5.979097
4809,4.0501914
4810,3.6682317
4811,2.8448813
4812,4.264385
4813,4.900146
4814,5.1595917
4815,7.293116
4816,6.135438
4817,7.9324183
4818,6.132269
4819,7.7152143
4820,7.2810407
4821,7.5180387
4822,6.81873
4823,6.201212
4824,8.433146
4825,8.894135
4826,7.4192243
4827,5.453373
4828,6.5384502
4829,7.1424437
4830,4.2843294
4831,5.152588
4832,4.4209876
4833,3.7665048
4834,1.2252334
4835,2.2525797
4836,2.9455776
4837,4.133739
4838,7.6443944
4839,7.840218
4840,10.632756
4841,13.666351
4842,9.927656
4843,9.3746605
4844,9.055625
4845,10.00939
4846,8.0535555
4847,6.935874
4848,8.066537
4849,7.5867653
4850,7.0016265
4851,5.026909
4852,5.078396
4853,6.554582
4854,6.6025906
4855,5.21618
4856,2.649463
4857,3.9107566
4858,1.6653904
4859,1.9762378
4860,3.9419148
4861,3.9182706
4862,6.3335686
4863,8.25478
4864,8.225638
4865,12.911398
4866,9.160307
4867,8.590359
4868,8.312487
4869,8.3741045
4870,7.2936726
4871,7.205348
4872,8.820026
4873,8.25686
4874,7.801651
4875,5.951791
4876,7.4436088
4877,6.9751625
4878,8.070986
4879,6.3248425
4880,7.204513
4881,3.7433007
4882,2.7097235
4883,2.6474297
4884,3.1047604
4885,4.2816515
4886,7.893384
4887,8.508743
4888,10.072682
4889,13.211545
4890,9.465735
4891,9.502477
4892,8.404638
4893,9.478312
4894,8.913013
4895,8.869227
4896,8.65753
4897,8.072585
4898,7.8607984
4899,3.6877413
4900,4.750075
4901,7.4371037
4902,6.2118855
4903,6.1404386
4904,3.800082
4905,4.0433054
4906,2.4849408
4907,2.1008189
4908,3.337148
4909,3.8375301
4910,7.111352
4911,8.286366
4912,12.110563
4913,15.952342
4914,9.628808
4915,9.731886
4916,9.392259
4917,9.127013
4918,6.86653
4919,7.185914
4920,8.547884
4921,8.215315
4922,7.240009
4923,3.8654585
4924,5.2124963
4925,7.144897
4926,7.156427
4927,5.410026
4928,5.5705743
4929,4.5764675
4930,2.1397798
4931,2.7499726
4932,3.9182806
4933,3.440958
4934,6.741369
4935,7.661633
4936,10.027088
4937,17.574585
4938,8.595547
4939,8.863772
4940,8.310903
4941,8.622133
4942,7.093976
4943,5.509995
4944,9.109261
4945,7.81103
4946,8.081948
4947,6.8843775
4948,6.4229493
4949,5.076563
4950,5.8024135
4951,6.911406
4952,1.9071927
4953,2.6385896
4954,1.6226547
4955,2.8095133
4956,3.4069755
4957,4.396226
4958,4.151628
4959,5.654726
4960,8.105976
4961,8.92971
4962,7.836974
4963,9.393715
4964,8.287935
4965,9.83773
4966,7.443592
4967,7.8835516
4968,6.654464
4969,8.251998
4970,7.2663097
4971,8.102471
4972,6.8048506
4973,6.069164
4974,7.30043
4975,6.8009324
4976,5.979097
4977,4.0501914
4978,3.6682317
4979,2.8448813
4980,4.264385
4981,4.900146
4982,5.1595917
4983,7.293116
4984,6.135438
4985,7.9324183
4986,6.132269
4987,7.7152143
4988,7.2810407
4989,7.5180387
4990,6.81873
4991,6.201212
4992,8.433146
4993,8.894135
4994,7.4192243
4995,5.453373
4996,6.5384502
4997,7.1424437
4998,4.2843294
4999,5.152588
5000,4.4209876
5001,3.7665048
5002,1.2252334
5003,2.2525797
5004,2.9455776
5005,4.133739
5006,7.6443944
5007,7.840218
5008,10.632756
5009,13.666351
5010,9.927656
5011,9.3746605
5012,9.055625
5013,10.00939
5014,8.0535555
5015,6.935874
5016,8.066537
5017,7.5867653
5018,7.0016265
5019,5.026909
5020,5.078396
5021,6.554582
5022,6.6025906
5023,5.21618
5024,2.649463
5025,3.9107566
5026,1.6653904
5027,1.9762378
5028,3.9419148
5029,3.9182706
5030,6.3335686
5031,8.25478
5032,8.225638
5033,12.911398
5034,9.160307
5035,8.590359
5036,8.312487
5037,8.3741045
5038,7.2936726
5039,7.205348
5040,8.820026
5041,8.25686
5042,7.801651
5043,5.951791
5044,7.4436088
5045,6.9751625
5046,8.070986
5047,6.3248425
5048,7.204513
5049,3.7433007
5050,2.7097235
5051,2.6474297
5052,3.1047604
5053,4.2816515
5054,7.893384
5055,8.508743
5056,10.072682
5057,13.211545
5058,9.465735
5059,9.502477
5060,8.404638
5061,9.478312
5062,8.913013
5063,8.869227
5064,8.65753
5065,8.072585
5066,7.8607984
5067,3.6877413
5068,4.750075
5069,7.4371037
5070,6.2118855
5071,6.1404386
5072,3.800082
5073,4.0433054
5074,2.4849408
5075,2.1008189
5076,3.337148
5077,3.8375301
5078,7.111352
5079,8.286366
5080,12.110563
5081,15.952342
5082,9.628808
5083,9.731886
5084,9.392259
5085,9.127013
5086,6.86653
5087,7.185914
5088,8.547884
5089,8.215315
5090,7.240009
5091,3.8654585
5092,5.2124963
5093,7.144897
5094,7.156427
5095,5.410026
5096,5.5705743
5097,4.5764675
5098,2.1397798
5099,2.7499726
5100,3.9182806
5101,3.440958
5102,6.741369
5103,7.661633
5104,10.027088
5105,17.574585
5106,8.595547
5107,8.863772
5108,8.310903
5109,8.622133
5110,7.093976
5111,5.509995
5112,6.8304777
5113,3.2658336
5114,7.8024282
5115,1.4166712
5116,0.23566228
5117,0.8172231
5118,2.636915
5119,4.5164847
5120,0.5938511
5121,3.6495051
5122,0.44822156
5123,-1.6813127
5124,0.96928567
5125,0.3251596
5126,1.2062373
5127,7.2790375
5128,14.905407
5129,20.605476
5130,8.833921
5131,8.579929
5132,1.8676547
5133,8.747016
5134,2.9359446
5135,3.1852078
5136,6.654464
5137,8.251998
5138,7.2663097
5139,8.102471
5140,6.8048506
5141,6.069164
5142,7.30043
5143,6.8009324
5144,5.979097
5145,4.0501914
5146,3.6682317
5147,2.8448813
5148,4.264385
5149,4.900146
5150,5.1595917
5151,7.293116
5152,6.135438
5153,7.9324183
5154,6.132269
5155,7.7152143
5156,7.2810407
5157,7.5180387
5158,6.81873
5159,6.201212
5160,8.433146
5161,8.894135
5162,7.4192243
5163,5.453373
5164,6.5384502
5165,7.1424437
5166,4.2843294
5167,5.152588
5168,4.4209876
5169,3.7665048
5170,1.2252334
5171,2.2525797
5172,2.9455776
5173,4.133739
5174,7.6443944
5175,7.840218
5176,10.632756
5177,13.666351
5178,9.927656
5179,9.3746605
5180,9.055625
5181,10.00939
5182,8.0535555
5183,6.935874
5184,8.066537
5185,7.5867653
5186,7.0016265
5187,5.026909
5188,5.078396
5189,6.554582
5190,6.6025906
5191,5.21618
5192,2.649463
5193,3.9107566
5194,1.6653904
5195,1.9762378
5196,3.9419148
5197,3.9182706
5198,6.3335686
5199,8.25478
5200,8.225638
5201,12.911398
5202,9.160307
5203,8.590359
5204,8.312487
5205,8.3741045
5206,7.2936726
5207,7.205348
5208,8.820026
5209,8.25686
5210,7.801651
5211,5.951791
5212,7.4436088
5213,6.9751625
5214,8.070986
5215,6.3248425
5216,7.204513
5217,3.7433007
5218,2.7097235
5219,2.6474297
5220,3.1047604
5221,4.2816515
5222,7.893384
5223,8.508743
5224,10.072682
5225,13.211545
5226,9.465735
5227,9.502477
5228,8.404638
5229,9.478312
5230,8.913013
5231,8.869227
5232,8.65753
5233,8.072585
5234,7.8607984
5235,3.6877413
5236,4.750075
5237,7.4371037
5238,6.2118855
5239,6.1404386
5240,3.800082
5241,4.0433054
5242,2.4849408
5243,2.1008189
5244,3.337148
5245,3.8375301
5246,7.111352
5247,8.286366
5248,12.110563
5249,15.952342
5250,9.628808
5251,9.731886
5252,9.392259
5253,9.127013
5254,6.86653
5255,7.185914
5256,8.547884
5257,8.215315
5258,7.240009
5259,3.8654585
5260,5.2124963
5261,7.144897
5262,7.156427
5263,5.410026
5264,5.5705743
5265,4.5764675
5266,2.1397798
5267,2.7499726
5268,3.9182806
5269,3.440958
5270,6.741369
5271,7.661633
5272,10.027088
5273,17.574585
5274,8.595547
5275,8.863772
5276,8.310903
5277,8.622133
5278,7.093976
5279,5.509995
5280,9.109261
5281,7.81103
5282,8.081948
5283,6.8843775
5284,6.4229493
5285,5.076563
5286,5.8024135
5287,6.911406
5288,1.9071927
5289,2.6385896
5290,1.6226547
5291,2.8095133
5292,3.4069755
5293,4.396226
5294,4.151628
5295,5.654726
5296,8.105976
5297,8.92971
5298,7.836974
5299,9.393715
5300,8.287935
5301,9.83773
5302,7.443592
5303,7.8835516
5304,6.654464
5305,8.251998
5306,7.2663097
5307,8.102471
5308,6.8048506
5309,6.069164
5310,7.30043
5311,6.8009324
5312,5.979097
5313,4.0501914
5314,3.6682317
5315,2.8448813
5316,4.264385
5317,4.900146
5318,5.1595917
5319,7.293116
5320,6.135438
5321,7.9324183
5322,6.132269
5323,7.7152143
5324,7.2810407
5325,7.5180387
5326,6.81873
5327,6.201212
5328,7.164594
5329,6.831374
5330,6.7058654
5331,8.631665
5332,6.58345
5333,6.7868905
5334,8.0157175
5335,5.0146084
5336,6.6853385
5337,3.236634
5338,2.4011302
5339,2.4542744
5340,2.9961193
5341,3.4177883
5342,4.4976254
5343,6.053946
5344,6.1718245
5345,6.8790073
5346,6.2631392
5347,8.075955
5348,6.6529307
5349,7.93385
5350,7.126023
5351,8.24687
5352,7.164594
5353,6.831374
5354,6.7058654
5355,8.631665
5356,6.58345
5357,6.7868905
5358,8.0157175
5359,5.0146084
5360,6.6853385
5361,3.236634
5362,2.4011302
5363,2.4542744
5364,2.9961193
5365,3.4177883
5366,4.4976254
5367,6.053946
5368,6.1718245
5369,6.8790073
5370,6.2631392
5371,8.075955
5372,6.6529307
5373,7.93385
5374,7.126023
5375,8.24687
5376,13.283716
5377,12.504477
5378,12.32804
5379,13.553845
5380,12.280419
5381,12.750306
5382,13.355009
5383,12.251746
5384,12.48
5385,9.315242
5386,8.680649
5387,5.9602327
5388,7.2191415
5389,8.634127
5390,11.022304
5391,12.396777
5392,14.764053
5393,18.222593
5394,20.915752
5395,23.371344
5396,13.683555
5397,13.683555
5398,13.458164
5399,14.403898
5400,22.39442
5401,19.345673
5402,20.479496
5403,16.93605
5404,16.525826
5405,17.0035
5406,13.045732
5407,11.247015
5408,11.681274
5409,8.224278
5410,7.2031174
5411,4.895708
5412,5.883132
5413,7.8819275
5414,14.092801
5415,25.734734
5416,37.19146
5417,48.040695
5418,37.893013
5419,30.44927
5420,24.486347
5421,26.636969
5422,23.987915
5423,22.8221
5424,21.213995
5425,21.929998
5426,18.856575
5427,18.267168
5428,16.174137
5429,16.102787
5430,12.036214
5431,10.425322
5432,10.9523
5433,8.95718
5434,7.1826506
5435,5.793882
5436,5.4566956
5437,8.8580265
5438,13.55286
5439,25.556667
5440,42.85286
5441,49.72595
5442,38.31954
5443,34.18531
5444,26.43688
5445,27.461966
5446,21.372438
5447,23.261486
5448,21.087402
5449,20.021704
5450,15.75745
5451,15.8699465
5452,16.798832
5453,16.586123
5454,15.909761
5455,13.274201
5456,13.230098
5457,10.71614
5458,8.866484
5459,6.0229826
5460,7.3402147
5461,10.150697
5462,12.802355
5463,16.63208
5464,20.78234
5465,26.078922
5466,23.23697
5467,29.18214
5468,20.244604
5469,19.047686
5470,21.369614
5471,17.479723
5472,17.51994
5473,19.287262
5474,18.312172
5475,14.5352545
5476,13.963138
5477,14.186001
5478,14.358797
5479,11.702049
5480,13.472609
5481,9.657598
5482,8.425083
5483,5.434775
5484,6.6367264
5485,9.215863
5486,10.790384
5487,12.592729
5488,16.176443
5489,18.504404
5490,23.023273
5491,23.041231
5492,16.994955
5493,16.254599
5494,14.162451
5495,13.164094
5496,13.136061
5497,15.016394
5498,13.265134
5499,13.683555
5500,12.256167
5501,12.384792
5502,13.304779
5503,10.767387
5504,11.524526
5505,8.797367
5506,7.0422645
5507,6.767915
5508,6.362428
5509,9.525174
5510,14.577849
5511,23.779886
5512,32.098404
5513,35.72711
5514,31.19581
5515,28.861156
5516,24.925083
5517,24.050611
5518,21.66763
5519,21.489008
5520,17.587538
5521,17.924257
5522,15.994256
5523,16.354872
5524,12.332858
5525,13.000887
5526,12.627768
5527,10.190385
5528,10.812629
5529,8.702906
5530,6.8837543
5531,5.568228
5532,5.875
5533,8.532486
5534,12.611772
5535,21.627367
5536,38.921375
5537,43.55321
5538,29.597109
5539,28.074064
5540,24.613234
5541,23.535229
5542,22.158468
5543,23.405228
5544,20.783234
5545,20.19868
5546,20.871698
5547,17.97063
5548,15.502322
5549,14.415127
5550,12.6106615
5551,10.602733
5552,11.10647
5553,8.129262
5554,7.1918473
5555,5.5064893
5556,5.140898
5557,8.355556
5558,16.810602
5559,25.357115
5560,38.691082
5561,44.675713
5562,33.27768
5563,31.913168
5564,28.664898
5565,28.031528
5566,23.155972
5567,19.738073
5568,22.39442
5569,19.345673
5570,20.479496
5571,16.93605
5572,16.525826
5573,17.0035
5574,13.045732
5575,11.247015
5576,11.681274
5577,8.224278
5578,7.2031174
5579,4.895708
5580,5.883132
5581,7.8819275
5582,14.092801
5583,25.734734
5584,37.19146
5585,48.040695
5586,37.893013
5587,30.44927
5588,24.486347
5589,26.636969
5590,23.987915
5591,22.8221
5592,21.213995
5593,21.929998
5594,18.856575
5595,18.267168
5596,16.174137
5597,16.102787
5598,12.036214
5599,10.425322
5600,10.9523
5601,8.95718
5602,7.1826506
5603,5.793882
5604,5.4566956
5605,8.8580265
5606,13.55286
5607,25.556667
5608,42.85286
5609,49.72595
5610,38.31954
5611,34.18531
5612,26.43688
5613,27.461966
5614,21.372438
5615,23.261486
5616,21.087402
5617,20.021704
5618,15.75745
5619,15.8699465
5620,16.798832
5621,16.586123
5622,15.909761
5623,13.274201
5624,13.230098
5625,10.71614
5626,8.866484
5627,6.0229826
5628,7.3402147
5629,10.150697
5630,12.802355
5631,16.63208
5632,20.78234
5633,26.078922
5634,23.23697
5635,29.18214
5636,20.244604
5637,19.047686
5638,21.369614
5639,17.479723
5640,17.51994
5641,19.287262
5642,18.312172
5643,14.5352545
5644,13.963138
5645,14.186001
5646,14.358797
5647,11.702049
5648,13.472609
5649,9.657598
5650,8.425083
5651,5.434775
5652,6.6367264
5653,9.215863
5654,10.790384
5655,12.592729
5656,16.176443
5657,18.504404
5658,23.023273
5659,23.041231
5660,16.994955
5661,16.254599
5662,14.162451
5663,13.164094
5664,13.136061
5665,15.016394
5666,13.265134
5667,13.683555
5668,12.256167
5669,12.384792
5670,13.304779
5671,10.767387
5672,11.524526
5673,8.797367
5674,7.0422645
5675,6.767915
5676,6.362428
5677,9.525174
5678,14.577849
5679,23.779886
5680,32.098404
5681,35.72711
5682,31.19581
5683,28.861156
5684,24.925083
5685,24.050611
5686,21.66763
5687,21.489008
5688,17.587538
5689,17.924257
5690,15.994256
5691,16.354872
5692,12.332858
5693,13.000887
5694,12.627768
5695,10.190385
5696,10.812629
5697,8.702906
5698,6.8837543
5699,5.568228
5700,5.875
5701,8.532486
5702,12.611772
5703,21.627367
5704,38.921375
5705,43.55321
5706,29.597109
5707,28.074064
5708,24.613234
5709,23.535229
5710,22.158468
5711,23.405228
5712,20.783234
5713,20.19868
5714,20.871698
5715,17.97063
5716,15.502322
5717,14.415127
5718,12.6106615
5719,10.602733
5720,11.10647
5721,8.129262
5722,7.1918473
5723,5.5064893
5724,5.140898
5725,8.355556
5726,16.810602
5727,25.357115
5728,38.691082
5729,44.675713
5730,33.27768
5731,31.913168
5732,28.664898
5733,28.031528
5734,23.155972
5735,19.738073
5736,22.39442
5737,19.345673
5738,20.479496
5739,16.93605
5740,16.525826
5741,17.0035
5742,13.045732
5743,11.247015
5744,11.681274
5745,8.224278
5746,7.2031174
5747,4.895708
5748,5.883132
5749,7.8819275
5750,14.092801
5751,25.734734
5752,37.19146
5753,48.040695
5754,37.893013
5755,30.44927
5756,24.486347
5757,26.636969
5758,23.987915
5759,22.8221
5760,21.213995
5761,21.929998
5762,18.856575
5763,18.267168
5764,16.174137
5765,16.102787
5766,12.036214
5767,10.425322
5768,10.9523
5769,8.95718
5770,7.1826506
5771,5.793882
5772,5.4566956
5773,8.8580265
5774,13.55286
5775,25.556667
5776,42.85286
5777,49.72595
5778,38.31954
5779,34.18531
5780,26.43688
5781,27.461966
5782,21.372438
5783,23.261486
5784,25.25511
5785,22.69772
5786,20.24136
5787,21.696638
5788,23.494764
5789,19.46329
5790,13.683555
5791,9.283876
5792,11.994927
5793,10.476935
5794,8.487932
5795,3.5425482
5796,6.2767873
5797,10.455641
5798,18.936312
5799,25.291775
5800,28.275625
5801,38.02947
5802,33.11531
5803,29.574478
5804,25.808931
5805,29.126614
5806,26.67175
5807,23.949743
5808,17.51994
5809,19.287262
5810,18.312172
5811,14.5352545
5812,13.963138
5813,14.186001
5814,14.358797
5815,11.702049
5816,13.472609
5817,9.657598
5818,8.425083
5819,5.434775
5820,6.6367264
5821,9.215863
5822,10.790384
5823,12.592729
5824,16.176443
5825,18.504404
5826,23.023273
5827,23.041231
5828,16.994955
5829,16.254599
5830,14.162451
5831,13.164094
5832,13.136061
5833,15.016394
5834,13.265134
5835,13.683555
5836,12.256167
5837,12.384792
5838,13.304779
5839,10.767387
5840,11.524526
5841,8.797367
5842,7.0422645
5843,6.767915
5844,6.362428
5845,9.525174
5846,14.577849
5847,23.779886
5848,32.098404
5849,35.72711
5850,31.19581
5851,28.861156
5852,24.925083
5853,24.050611
5854,21.66763
5855,21.489008
5856,17.587538
5857,17.924257
5858,15.994256
5859,16.354872
5860,12.332858
5861,13.000887
5862,12.627768
5863,10.190385
5864,10.812629
5865,8.702906
5866,6.8837543
5867,5.568228
5868,5.875
5869,8.532486
5870,12.611772
5871,21.627367
5872,38.921375
5873,43.55321
5874,29.597109
5875,28.074064
5876,24.613234
5877,23.535229
5878,22.158468
5879,23.405228
5880,20.783234
5881,20.19868
5882,20.871698
5883,17.97063
5884,15.502322
5885,14.415127
5886,12.6106615
5887,10.602733
5888,11.10647
5889,8.129262
5890,7.1918473
5891,5.5064893
5892,5.140898
5893,8.355556
5894,16.810602
5895,25.357115
5896,38.691082
5897,44.675713
5898,33.27768
5899,31.913168
5900,28.664898
5901,28.031528
5902,23.155972
5903,19.738073
5904,22.39442
5905,19.345673
5906,20.479496
5907,16.93605
5908,16.525826
5909,17.0035
5910,13.045732
5911,11.247015
5912,11.681274
5913,8.224278
5914,7.2031174
5915,4.895708
5916,5.883132
5917,7.8819275
5918,14.092801
5919,25.734734
5920,37.19146
5921,48.040695
5922,37.893013
5923,30.44927
5924,24.486347
5925,26.636969
5926,23.987915
5927,22.8221
5928,21.213995
5929,21.929998
5930,18.856575
5931,18.267168
5932,16.174137
5933,16.102787
5934,12.036214
5935,10.425322
5936,10.9523
5937,8.95718
5938,7.1826506
5939,5.793882
5940,5.4566956
5941,8.8580265
5942,13.55286
5943,25.556667
5944,42.85286
5945,49.72595
5946,38.31954
5947,34.18531
5948,26.43688
5949,27.461966
5950,21.372438
5951,23.261486
5952,21.087402
5953,20.021704
5954,15.75745
5955,15.8699465
5956,16.798832
5957,16.586123
5958,15.909761
5959,13.274201
5960,13.230098
5961,10.71614
5962,8.866484
5963,6.0229826
5964,7.3402147
5965,10.150697
5966,12.802355
5967,16.63208
5968,20.78234
5969,26.078922
5970,23.23697
5971,29.18214
5972,20.244604
5973,19.047686
5974,21.369614
5975,17.479723
5976,17.51994
5977,19.287262
5978,18.312172
5979,14.5352545
5980,13.963138
5981,14.186001
5982,14.358797
5983,11.702049
5984,13.472609
5985,9.657598
5986,8.425083
5987,5.434775
5988,6.6367264
5989,9.215863
5990,10.790384
5991,12.592729
5992,16.176443
5993,18.504404
5994,23.023273
5995,23.041231
5996,16.994955
5997,16.254599
5998,14.162451
5999,13.164094
6000,13.283716
6001,12.504477
6002,12.32804
6003,13.553845
6004,12.280419
6005,12.750306
6006,13.355009
6007,12.251746
6008,12.48
6009,9.315242
6010,8.680649
6011,5.9602327
6012,7.2191415
6013,8.634127
6014,11.022304
6015,12.396777
6016,14.764053
6017,18.222593
6018,20.915752
6019,23.371344
6020,13.683555
6021,13.683555
6022,13.458164
6023,14.403898
6024,13.283716
6025,12.504477
6026,12.32804
6027,13.553845
6028,12.280419
6029,12.750306
6030,13.355009
6031,12.251746
6032,12.48
6033,9.315242
6034,8.680649
6035,5.9602327
6036,7.2191415
6037,8.634127
6038,11.022304
6039,12.396777
6040,14.764053
6041,18.222593
6042,20.915752
6043,23.371344
6044,13.683555
6045,13.683555
6046,13.458164
6047,14.403898
